"","Label","Type","0- Reference Model","01- 2015 M","02- Lorenzen M","03- Est M","04- Fix growth, est M","05- Fix growth","06- Est Lmin","07- Est CVlts","08- Bio mat ogive","09- Fxnal mat ogive","10- Fec = mat","11- No rec devs","12- Full rec devs","13- Logistic sel"
"1","AIC",NA,NA,NA,NA,NA,NA,NA,NA,NA,NA,NA,NA,NA,NA,NA
"2",NA,"AIC",7492.98,7491.96,7456.26,7382.94,12644.1,12832.74,237088122,7500.98,7487.6,7492.28,7490.5,7973.58,7569.82,7777.46
"3",NA,"deltaAIC",0,-1.01999999999953,-36.7199999999993,-110.04,5151.12,5339.76,237080629.02,8,-5.3799999999992,-0.699999999999818,-2.47999999999956,480.6,76.8400000000001,284.48
"4","Survey_likelihood",NA,NA,NA,NA,NA,NA,NA,NA,NA,NA,NA,NA,NA,NA,NA
"5",NA,"ALL",-76.0855,-78.0102,-70.6722,-81.1708,-92.2413,-90.9868,115201000,-76.0855,-75.5718,-76.0062,-75.874,-88.0942,-91.0232,-41.7152
"6",NA,"Trawl_wdis",0,0,0,0,0,0,0,0,0,0,0,0,0,0
"7",NA,"Non.Trawl_wdis",-38.3081,-39.0763,-35.6195,-39.5465,-23.9659,-13.4207,59.1146,-38.3081,-37.9508,-38.2583,-38.1563,-27.6359,-38.1918,-19.816
"8",NA,"Ocean",-13.4952,-14.0538,-12.273,-15.2419,-25.7221,-27.1911,-14.5823,-13.4952,-13.2637,-13.4616,-13.3946,-24.8124,-13.2319,-5.85334
"9",NA,"Shore",0,0,0,0,0,0,0,0,0,0,0,0,0,0
"10",NA,"MPA",-4.65984,-4.77281,-4.36082,-4.99165,-7.00043,-8.28819,-5.20242,-4.65985,-4.61497,-4.65339,-4.64065,-6.71139,-4.66425,-2.37727
"11",NA,"Acoustic_Visual",-6.90464,-6.90521,-6.90355,-6.90675,-6.90772,-6.90158,115199000,-6.90464,-6.90454,-6.90462,-6.90459,-6.89828,-6.90654,-6.9042
"12",NA,"Tag",-10.2305,-10.2324,-10.3196,-10.8701,-12.9246,-15.0994,0.621525,-10.2305,-10.1922,-10.2251,-10.213,-11.5311,-10.1207,-9.59839
"13",NA,"MRFSS",-2.48714,-2.96971,-1.19576,-3.61387,-15.7205,-20.0857,1793.66,-2.48715,-2.64549,-2.50318,-2.56488,-10.505,-17.908,2.83406
"14","Surv_lambda",NA,NA,NA,NA,NA,NA,NA,NA,NA,NA,NA,NA,NA,NA,NA
"15",NA,"ALL",NA,NA,NA,NA,NA,NA,NA,NA,NA,NA,NA,NA,NA,NA
"16",NA,"Trawl_wdis",0,0,0,0,0,0,0,0,0,0,0,0,0,0
"17",NA,"Non.Trawl_wdis",1,1,1,1,1,1,1,1,1,1,1,1,1,1
"18",NA,"Ocean",1,1,1,1,1,1,1,1,1,1,1,1,1,1
"19",NA,"Shore",0,0,0,0,0,0,0,0,0,0,0,0,0,0
"20",NA,"MPA",1,1,1,1,1,1,1,1,1,1,1,1,1,1
"21",NA,"Acoustic_Visual",1,1,1,1,1,1,1,1,1,1,1,1,1,1
"22",NA,"Tag",1,1,1,1,1,1,1,1,1,1,1,1,1,1
"23",NA,"MRFSS",1,1,1,1,1,1,1,1,1,1,1,1,1,1
"24","Length_likelihood",NA,NA,NA,NA,NA,NA,NA,NA,NA,NA,NA,NA,NA,NA,NA
"25",NA,"ALL",492.509,502.227,476.224,458.792,579.022,567.326,66928.1,492.509,491.062,492.306,491.876,552.815,475.385,530.694
"26",NA,"Trawl_wdis",71.6334,71.3726,73.0088,73.205,73.3398,72.3718,647.749,71.6333,71.7143,71.6487,71.6604,65.1939,69.6772,80.7915
"27",NA,"Non.Trawl_wdis",285.563,293.564,276.144,266.189,338.876,340.181,33780.9,285.563,284.953,285.467,285.311,340.187,290.432,304.787
"28",NA,"Ocean",91.7197,92.9815,87.2351,82.31,114.881,114.052,31088.2,91.7198,91.2355,91.6518,91.5104,106.549,82.7879,105.067
"29",NA,"Shore",26.6222,27.0944,23.7371,21.2886,35.3861,23.4799,27.6222,26.6222,26.2286,26.5737,26.4399,22.2982,15.5206,24.8008
"30",NA,"MPA",16.9707,17.2142,16.0988,15.7993,16.5394,17.2412,1383.57,16.9707,16.9306,16.9645,16.9545,18.587,16.9674,15.2465
"31",NA,"Acoustic_Visual",0,0,0,0,0,0,0,0,0,0,0,0,0,0
"32",NA,"Tag",0,0,0,0,0,0,0,0,0,0,0,0,0,0
"33",NA,"MRFSS",0,0,0,0,0,0,0,0,0,0,0,0,0,0
"34","Length_lambda",NA,NA,NA,NA,NA,NA,NA,NA,NA,NA,NA,NA,NA,NA,NA
"35",NA,"ALL",NA,NA,NA,NA,NA,NA,NA,NA,NA,NA,NA,NA,NA,NA
"36",NA,"Trawl_wdis",1,1,1,1,1,1,1,1,1,1,1,1,1,1
"37",NA,"Non.Trawl_wdis",1,1,1,1,1,1,1,1,1,1,1,1,1,1
"38",NA,"Ocean",1,1,1,1,1,1,1,1,1,1,1,1,1,1
"39",NA,"Shore",1,1,1,1,1,1,1,1,1,1,1,1,1,1
"40",NA,"MPA",1,1,1,1,1,1,1,1,1,1,1,1,1,1
"41",NA,"Acoustic_Visual",0,0,0,0,0,0,0,0,0,0,0,0,0,0
"42",NA,"Tag",0,0,0,0,0,0,0,0,0,0,0,0,0,0
"43",NA,"MRFSS",0,0,0,0,0,0,0,0,0,0,0,0,0,0
"44","Age_likelihood",NA,NA,NA,NA,NA,NA,NA,NA,NA,NA,NA,NA,NA,NA,NA
"45",NA,"ALL",3253.3,3244.27,3251.13,3223.86,5750.98,5867.92,42204.2,3253.29,3252.9,3253.29,3252.99,3436.96,3236.74,3341.81
"46",NA,"Trawl_wdis",668.511,664.955,669.428,654.622,676.619,668.709,2254.98,668.511,667.793,668.418,668.182,682.743,655.025,669.808
"47",NA,"Non.Trawl_wdis",1329.66,1327.22,1327.37,1319.26,2201.75,2242.53,15444.9,1329.66,1329.66,1329.69,1329.6,1400.02,1323.47,1373.08
"48",NA,"Ocean",1255.12,1252.1,1254.34,1249.97,2872.61,2956.68,24504.3,1255.12,1255.45,1255.18,1255.21,1354.19,1258.24,1298.92
"49",NA,"Shore",0,0,0,0,0,0,0,0,0,0,0,0,0,0
"50",NA,"MPA",0,0,0,0,0,0,0,0,0,0,0,0,0,0
"51",NA,"Acoustic_Visual",0,0,0,0,0,0,0,0,0,0,0,0,0,0
"52",NA,"Tag",0,0,0,0,0,0,0,0,0,0,0,0,0,0
"53",NA,"MRFSS",0,0,0,0,0,0,0,0,0,0,0,0,0,0
"54","Age_lambda",NA,NA,NA,NA,NA,NA,NA,NA,NA,NA,NA,NA,NA,NA,NA
"55",NA,"ALL",NA,NA,NA,NA,NA,NA,NA,NA,NA,NA,NA,NA,NA,NA
"56",NA,"Trawl_wdis",1,1,1,1,1,1,1,1,1,1,1,1,1,1
"57",NA,"Non.Trawl_wdis",1,1,1,1,1,1,1,1,1,1,1,1,1,1
"58",NA,"Ocean",1,1,1,1,1,1,1,1,1,1,1,1,1,1
"59",NA,"Shore",0,0,0,0,0,0,0,0,0,0,0,0,0,0
"60",NA,"MPA",0,0,0,0,0,0,0,0,0,0,0,0,0,0
"61",NA,"Acoustic_Visual",0,0,0,0,0,0,0,0,0,0,0,0,0,0
"62",NA,"Tag",0,0,0,0,0,0,0,0,0,0,0,0,0,0
"63",NA,"MRFSS",0,0,0,0,0,0,0,0,0,0,0,0,0,0
"64","Parameters",NA,NA,NA,NA,NA,NA,NA,NA,NA,NA,NA,NA,NA,NA,NA
"65",NA,"NatM_uniform_Fem_GP_1",0.19,NA,NA,0.25,0.157827,0.19,0.19,0.19,0.19,0.19,0.19,0.19,0.19,0.19
"66",NA,"L_at_Amin_Fem_GP_1",0,0,0,0,0,0,-9.23706e-14,0,0,0,0,0,0,0
"67",NA,"L_at_Amax_Fem_GP_1",50.8464,50.8991,50.5648,50.4087,48,48,50.8464,50.8464,50.8064,50.8393,50.8333,52.2172,50.8284,48.1793
"68",NA,"VonBert_K_Fem_GP_1",0.181808,0.182228,0.181465,0.181921,0.18422,0.18422,0.181808,0.181808,0.181985,0.181842,0.181856,0.175247,0.181866,0.197207
"69",NA,"CV_young_Fem_GP_1",0.1,0.1,0.1,0.1,0.1,0.1,0.1,0.1,0.1,0.1,0.1,0.1,0.1,0.1
"70",NA,"CV_old_Fem_GP_1",0.1,0.1,0.1,0.1,0.1,0.1,0.1,0.1,0.1,0.1,0.1,0.1,0.1,0.1
"71",NA,"Wtlen_1_Fem_GP_1",2.54537e-05,2.54537e-05,2.54537e-05,2.54537e-05,2.54537e-05,2.54537e-05,2.54537e-05,2.54537e-05,2.54537e-05,2.54537e-05,2.54537e-05,2.54537e-05,2.54537e-05,2.54537e-05
"72",NA,"Wtlen_2_Fem_GP_1",2.89504,2.89504,2.89504,2.89504,2.89504,2.89504,2.89504,2.89504,2.89504,2.89504,2.89504,2.89504,2.89504,2.89504
"73",NA,"Mat50%_Fem_GP_1",40.36,40.36,40.36,40.36,40.36,40.36,40.36,40.36,34.38,40.36,40.36,40.36,40.36,40.36
"74",NA,"Mat_slope_Fem_GP_1",-0.380418,-0.380418,-0.380418,-0.380418,-0.380418,-0.380418,-0.380418,-0.380418,-0.31217,-0.38061,-0.380418,-0.380418,-0.380418,-0.380418
"75",NA,"Eggs_scalar_Fem_GP_1",1.41e-08,1.41e-08,1.41e-08,1.41e-08,1.41e-08,1.41e-08,1.41e-08,1.41e-08,1.41e-08,1.41e-08,NA,1.41e-08,1.41e-08,1.41e-08
"76",NA,"Eggs_exp_len_Fem_GP_1",4.685,4.685,4.685,4.685,4.685,4.685,4.685,4.685,4.685,4.685,NA,4.685,4.685,4.685
"77",NA,"NatM_uniform_Mal_GP_1",0.17,NA,NA,0.182171,0.111426,0.17,0.17,0.17,0.17,0.17,0.17,0.17,0.17,0.17
"78",NA,"L_at_Amin_Mal_GP_1",0,0,0,0,0,0,0,0,0,0,0,0,0,0
"79",NA,"L_at_Amax_Mal_GP_1",44.8755,45.0817,44.335,44.3042,44.867,44.867,44.8755,44.8756,44.8436,44.8707,44.862,46.549,44.8909,42.9327
"80",NA,"VonBert_K_Mal_GP_1",0.223622,0.221683,0.227124,0.229579,0.213363,0.213363,0.223622,0.223621,0.22383,0.223654,0.223709,0.21011,0.223261,0.241177
"81",NA,"CV_young_Mal_GP_1",0.1,0.1,0.1,0.1,0.1,0.1,0.1,0.1,0.1,0.1,0.1,0.1,0.1,0.1
"82",NA,"CV_old_Mal_GP_1",0.1,0.1,0.1,0.1,0.1,0.1,0.1,0.1,0.1,0.1,0.1,0.1,0.1,0.1
"83",NA,"Wtlen_1_Mal_GP_1",2.56318e-05,2.56318e-05,2.56318e-05,2.56318e-05,2.56318e-05,2.56318e-05,2.56318e-05,2.56318e-05,2.56318e-05,2.56318e-05,2.56318e-05,2.56318e-05,2.56318e-05,2.56318e-05
"84",NA,"Wtlen_2_Mal_GP_1",2.89394,2.89394,2.89394,2.89394,2.89394,2.89394,2.89394,2.89394,2.89394,2.89394,2.89394,2.89394,2.89394,2.89394
"85",NA,"CohortGrowDev",1,1,1,1,1,1,1,1,1,1,1,1,1,1
"86",NA,"FracFemale_GP_1",0.5,0.5,0.5,0.5,0.5,0.5,0.5,0.5,0.5,0.5,0.5,0.5,0.5,0.5
"87",NA,"SR_LN(R0)",8.24482,8.17337,9.85376,8.58036,7.52666,8.15828,8.24482,8.24482,8.22323,8.2421,8.23487,8.28732,8.08227,8.21306
"88",NA,"SR_BH_steep",0.72,0.72,0.72,0.72,0.72,0.72,0.72,0.72,0.72,0.72,0.72,0.72,0.72,0.72
"89",NA,"SR_sigmaR",0.6,0.6,0.6,0.6,0.6,0.6,0.6,0.6,0.6,0.6,0.6,0.6,0.6,0.6
"90",NA,"SR_regime",0,0,0,0,0,0,0,0,0,0,0,0,0,0
"91",NA,"SR_autocorr",0,0,0,0,0,0,0,0,0,0,0,0,0,0
"92",NA,"Main_RecrDev_1980",-1.08,-1.04645,-1.10363,-0.801497,-1.57855,-0.874741,-1.08,-1.07996,-1.05616,-1.07714,-1.06919,NA,-0.295256,-1.07628
"93",NA,"Main_RecrDev_1981",-0.862507,-0.833053,-0.892679,-0.654398,-1.33322,-0.905996,-0.862509,-0.862475,-0.843271,-0.860268,-0.853411,NA,-0.308419,-0.888073
"94",NA,"Main_RecrDev_1982",-0.317025,-0.292276,-0.355473,-0.179953,-0.744124,-0.402063,-0.317028,-0.317039,-0.299527,-0.315081,-0.308159,NA,0.167351,-0.386849
"95",NA,"Main_RecrDev_1983",-0.441283,-0.41716,-0.471825,-0.312575,-0.745324,-0.480702,-0.441285,-0.441281,-0.422754,-0.439173,-0.432082,NA,0.127619,-0.519481
"96",NA,"Main_RecrDev_1984",-0.276819,-0.255459,-0.304144,-0.176997,0.0948268,0.302014,-0.276817,-0.276813,-0.258236,-0.274706,-0.267669,NA,0.281214,-0.3672
"97",NA,"Main_RecrDev_1985",-0.14697,-0.12735,-0.174616,-0.073818,0.204445,0.377443,-0.146968,-0.146981,-0.127274,-0.144707,-0.137906,NA,0.393448,-0.255106
"98",NA,"Main_RecrDev_1986",-0.333052,-0.314488,-0.359656,-0.278613,-0.0610203,0.0928164,-0.33305,-0.333052,-0.311235,-0.33045,-0.323905,NA,0.197786,-0.467148
"99",NA,"Main_RecrDev_1987",-0.372012,-0.355952,-0.3984,-0.336735,-0.0623388,0.0685707,-0.37201,-0.372021,-0.348965,-0.369131,-0.36266,NA,0.133548,-0.547727
"100",NA,"Main_RecrDev_1988",-0.296899,-0.283817,-0.32722,-0.282371,0.078391,0.194711,-0.296897,-0.296896,-0.274609,-0.294023,-0.287505,NA,0.171866,-0.511083
"101",NA,"Main_RecrDev_1989",-0.0140731,-0.00490947,-0.0472045,-0.0144042,0.512681,0.61215,-0.0140719,-0.0140668,0.00577205,-0.0114972,-0.00486724,NA,0.409247,-0.25422
"102",NA,"Main_RecrDev_1990",-0.0590344,-0.0521745,-0.0945839,-0.0640761,0.606788,0.691838,-0.0590336,-0.0590323,-0.0425672,-0.0569255,-0.0502351,NA,0.326572,-0.309345
"103",NA,"Main_RecrDev_1991",0.0777129,0.0839672,0.043179,0.0703386,0.861488,0.930404,0.0777139,0.0777149,0.0902802,0.0792519,0.0855945,NA,0.425465,-0.16984
"104",NA,"Main_RecrDev_1992",0.00782925,0.0143993,-0.0242883,0.000546049,0.868141,0.922704,0.00783029,0.00783178,0.017033,0.00887783,0.0142195,NA,0.310231,-0.225502
"105",NA,"Main_RecrDev_1993",0.0231986,0.0289925,-0.00103092,0.0159186,0.889163,0.922836,0.0231997,0.0231997,0.0287895,0.0238014,0.0282995,NA,0.302454,-0.17001
"106",NA,"Main_RecrDev_1994",0.344175,0.348317,0.327473,0.333892,1.07615,1.08844,0.344176,0.344177,0.344316,0.344144,0.347559,NA,0.598441,0.195414
"107",NA,"Main_RecrDev_1995",0.303778,0.305349,0.293055,0.287605,0.735059,0.726699,0.303779,0.303779,0.295492,0.302653,0.304065,NA,0.535715,0.193577
"108",NA,"Main_RecrDev_1996",0.0243693,0.02379,0.0166046,0.00116903,0.0714543,0.0448234,0.02437,0.0243724,0.008541,0.0221521,0.0212254,NA,0.235073,-0.0657575
"109",NA,"Main_RecrDev_1997",-0.0234348,-0.0265336,-0.0280706,-0.059596,-0.170031,-0.214998,-0.0234341,-0.0234358,-0.0462078,-0.0266622,-0.0303424,NA,0.165961,-0.0979705
"110",NA,"Main_RecrDev_1998",-0.299024,-0.303004,-0.301888,-0.331299,-0.353845,-0.397384,-0.299024,-0.299022,-0.325689,-0.302767,-0.30862,NA,-0.0992101,-0.347632
"111",NA,"Main_RecrDev_1999",0.631345,0.623595,0.635659,0.583603,0.662739,0.588074,0.631347,0.631339,0.597936,0.626763,0.618245,NA,0.78041,0.606663
"112",NA,"Main_RecrDev_2000",0.732128,0.727378,0.732559,0.692235,0.88121,0.814194,0.732127,0.732141,0.699894,0.727696,0.718324,NA,0.888453,0.698615
"113",NA,"Main_RecrDev_2001",0.309175,0.300597,0.309832,0.243253,0.713359,0.620734,0.309181,0.309152,0.276813,0.304702,0.293353,NA,0.405871,0.250471
"114",NA,"Main_RecrDev_2002",-0.447303,-0.444915,-0.452578,-0.393302,-2.43374,-2.00598,-0.447316,-0.447265,-0.455252,-0.448396,-0.453529,NA,-0.124967,-0.442169
"115",NA,"Main_RecrDev_2003",0.54202,0.532628,0.543579,0.443609,0.783377,0.641932,0.542026,0.542028,0.519556,0.539383,0.527974,NA,0.583641,0.529904
"116",NA,"Main_RecrDev_2004",-1.01491,-0.999037,-1.03019,-0.903518,-2.31035,-1.80719,-1.01494,-1.01501,-1.00867,-1.01371,-1.01376,NA,-0.541954,-1.07193
"117",NA,"Main_RecrDev_2005",0.541606,0.53222,0.554802,0.468504,0.708326,0.55805,0.541611,0.541625,0.517054,0.538898,0.530989,NA,0.624618,0.596894
"118",NA,"Main_RecrDev_2006",0.0420571,0.032775,0.0492537,-0.00431251,0.258792,0.0677303,0.0420542,0.0420411,0.0188536,0.0389722,0.0320091,NA,0.189709,0.0899489
"119",NA,"Main_RecrDev_2007",-0.278193,-0.283177,-0.275857,-0.308812,-0.79304,-0.779616,-0.278188,-0.278176,-0.293936,-0.280449,-0.286898,NA,-0.0801111,-0.235047
"120",NA,"Main_RecrDev_2008",0.980774,0.970395,0.991132,0.908278,1.09497,0.861793,0.980774,0.980773,0.968521,0.979221,0.971776,NA,1.08701,1.04706
"121",NA,"Main_RecrDev_2009",-0.361975,-0.369334,-0.353078,-0.385257,-0.152608,-0.30432,-0.361971,-0.36197,-0.363433,-0.361879,-0.366443,NA,-0.146792,-0.304572
"122",NA,"Main_RecrDev_2010",0.497906,0.484122,0.515658,0.429633,0.557545,0.297238,0.497906,0.497905,0.497037,0.498284,0.493835,NA,0.619215,0.620395
"123",NA,"Main_RecrDev_2011",0.419614,0.404907,0.441862,0.350991,0.482611,0.211917,0.419615,0.419619,0.420856,0.420308,0.417423,NA,0.556856,0.574966
"124",NA,"Main_RecrDev_2012",0.212016,0.195413,0.242953,0.14175,0.216939,-0.0748997,0.212018,0.212016,0.214455,0.212813,0.211213,NA,0.351548,0.409493
"125",NA,"Main_RecrDev_2013",0.56402,0.544253,0.6058,0.492457,0.548657,0.230159,0.564021,0.56402,0.565744,0.564715,0.564143,NA,0.696974,0.82321
"126",NA,"Main_RecrDev_2014",0.481088,0.45886,0.532257,0.405631,0.349869,0.0104575,0.481089,0.481085,0.481541,0.481442,0.481237,NA,0.612056,0.806511
"127",NA,"Main_RecrDev_2015",-0.243498,-0.265689,-0.186682,-0.31488,-0.672879,-1.00964,-0.243498,-0.243501,-0.241045,-0.243044,-0.242936,NA,-0.0818633,0.117149
"128",NA,"Main_RecrDev_2016",0.77026,0.739395,0.855069,0.67641,0.0680645,-0.337004,0.770263,0.770263,0.774069,0.770952,0.771051,NA,0.891301,1.22894
"129",NA,"Main_RecrDev_2017",-0.637062,-0.676572,-0.507631,-0.669412,-1.91398,-2.28318,-0.637065,-0.637083,-0.623731,-0.635027,-0.632412,NA,-0.355783,-0.0762753
"130",NA,"Late_RecrDev_2018",0,0,0,0,0,0,0,0,0,0,0,NA,0,0
"131",NA,"Late_RecrDev_2019",0,0,0,0,0,0,0,0,0,0,0,NA,0,0
"132",NA,"Late_RecrDev_2020",0,0,0,0,0,0,0,0,0,0,0,NA,0,0
"133",NA,"Late_RecrDev_2021",0,0,0,0,0,0,0,0,0,0,0,NA,0,0
"134",NA,"Late_RecrDev_2022",0,0,0,0,0,0,0,0,0,0,0,NA,0,0
"135",NA,"ForeRecr_2023",0,0,0,0,0,0,0,0,0,0,0,NA,0,0
"136",NA,"InitF_seas_1_flt_1Trawl_wdis",1e-20,1e-20,1e-20,1e-20,1e-20,1e-20,1e-20,1e-20,1e-20,1e-20,1e-20,1e-20,1e-20,1e-20
"137",NA,"InitF_seas_1_flt_2Non-Trawl_wdis",1e-20,1e-20,1e-20,1e-20,1e-20,1e-20,1e-20,1e-20,1e-20,1e-20,1e-20,1e-20,1e-20,1e-20
"138",NA,"InitF_seas_1_flt_3Ocean",1e-20,1e-20,1e-20,1e-20,1e-20,1e-20,1e-20,1e-20,1e-20,1e-20,1e-20,1e-20,1e-20,1e-20
"139",NA,"InitF_seas_1_flt_4Shore",1e-20,1e-20,1e-20,1e-20,1e-20,1e-20,1e-20,1e-20,1e-20,1e-20,1e-20,1e-20,1e-20,1e-20
"140",NA,"LnQ_base_Non-Trawl_wdis(2)",-5.81714,-5.84633,-5.6823,-5.80794,-6.24389,-6.36711,13.1912,-5.81714,-5.80875,-5.81595,-5.81345,-5.977,-5.81859,-5.4488
"141",NA,"Q_extraSD_Non-Trawl_wdis(2)",0.0279839,0.0247631,0.0402911,0.0228159,0.118887,0.24634,0.0279839,0.0279836,0.0295234,0.0281969,0.0286347,0.088693,0.0284804,0.16097
"142",NA,"LnQ_base_Ocean(3)",-9.23356,-9.25812,-9.12663,-9.26238,-9.69023,-9.84703,9.40147,-9.23356,-9.22522,-9.23238,-9.22989,-9.41206,-9.23317,-8.80583
"143",NA,"Q_extraSD_Ocean(3)",0.283645,0.27541,0.302418,0.258586,0.144076,0.13292,0.283645,0.283644,0.28712,0.284147,0.285151,0.152257,0.287601,0.420113
"144",NA,"LnQ_base_MPA(5)",-7.39063,-7.42536,-7.25418,-7.36404,-7.81729,-7.86035,12.3888,-7.39063,-7.38235,-7.38945,-7.387,-7.53411,-7.39394,-6.95886
"145",NA,"Q_extraSD_MPA(5)",0.166822,0.162657,0.17801,0.15461,0.0885066,0.0482127,0.166822,0.166821,0.168485,0.167061,0.167532,0.0959911,0.166661,0.261489
"146",NA,"LnQ_base_Acoustic_Visual(6)",0.6,0.6,0.6,0.6,0.6,0.6,0.6,0.6,0.6,0.6,0.6,0.6,0.6,0.6
"147",NA,"Q_extraSD_Acoustic_Visual(6)",0,0,0,0,0,0,0,0,0,0,0,0,0,0
"148",NA,"LnQ_base_Tag(7)",-1.17676,-1.20841,-1.07186,-1.21736,-1.66494,-1.91093,19.371,-1.17676,-1.16612,-1.17523,-1.17213,-1.49657,-1.17583,-0.679472
"149",NA,"Q_extraSD_Tag(7)",0.157977,0.157942,0.156052,0.144622,0.107965,0.077314,0.157977,0.157979,0.158806,0.158094,0.158355,0.132068,0.160365,0.172117
"150",NA,"LnQ_base_MRFSS(8)",-7.69107,-7.70758,-7.63346,-7.73573,-8.03462,-8.36977,-0.465946,-7.69107,-7.6693,-7.68817,-7.68139,-8.05396,-7.2165,-7.51026
"151",NA,"Q_extraSD_MRFSS(8)",0.396729,0.381853,0.438857,0.363147,0.10642,0.062254,0.396729,0.396723,0.391828,0.396231,0.394318,0.200328,0.0846212,0.592684
"152",NA,"Size_DblN_peak_Trawl_wdis(1)",52.5325,52.4021,53.0563,53.2736,52.3061,52.5526,52.5325,52.5325,52.5816,52.5399,52.5527,50.864,52.7275,54.9729
"153",NA,"Size_DblN_top_logit_Trawl_wdis(1)",0.770372,0.770372,0.770372,0.770372,0.770372,0.770372,0.770372,0.770372,0.770372,0.770372,0.770372,0.770372,0.770372,0.770372
"154",NA,"Size_DblN_ascend_se_Trawl_wdis(1)",3.58539,3.58539,3.58539,3.58539,3.58539,3.58539,3.58539,3.58539,3.58539,3.58539,3.58539,3.58539,3.58539,3.58539
"155",NA,"Size_DblN_descend_se_Trawl_wdis(1)",-9.21034,-9.21034,-9.21034,-9.21034,-9.21034,-9.21034,-9.21034,-9.21034,-9.21034,-9.21034,-9.21034,-9.21034,-9.21034,-9.21034
"156",NA,"Size_DblN_start_logit_Trawl_wdis(1)",-10,-10,-10,-10,-10,-10,-10,-10,-10,-10,-10,-10,-10,-10
"157",NA,"Size_DblN_end_logit_Trawl_wdis(1)",11.513,11.513,11.513,11.513,11.513,11.513,11.513,11.513,11.513,11.513,11.513,11.513,11.513,11.513
"158",NA,"Size_DblN_peak_Non-Trawl_wdis(2)",42.6289,42.4836,43.2267,43.1663,41.489,41.7619,42.6289,42.6289,42.6547,42.6327,42.6399,41.911,42.6352,42.9021
"159",NA,"Size_DblN_top_logit_Non-Trawl_wdis(2)",-12,-12,-12,-12,-12,-12,-12,-12,-12,-12,-12,-12,-12,0
"160",NA,"Size_DblN_ascend_se_Non-Trawl_wdis(2)",4,4,4,4,4,4,4,4,4,4,4,4,4,3.82746
"161",NA,"Size_DblN_descend_se_Non-Trawl_wdis(2)",2.15994,2.20208,1.52151,1.58852,2.27684,2.18684,2.15994,2.15995,2.14799,2.15818,2.1551,2.31951,2.15681,-9
"162",NA,"Size_DblN_start_logit_Non-Trawl_wdis(2)",-15,-15,-15,-15,-15,-15,-15,-15,-15,-15,-15,-15,-15,-10
"163",NA,"Size_DblN_end_logit_Non-Trawl_wdis(2)",-1.5788,-1.61821,-1.13087,-0.958087,-1.40136,-1.34866,-1.57879,-1.5788,-1.55652,-1.57535,-1.56991,-2.21461,-1.56627,10
"164",NA,"Size_DblN_peak_Ocean(3)",41.8384,41.6818,42.4339,42.2639,40.6418,41.0221,41.8384,41.8384,41.8605,41.8416,41.848,41.2493,41.8475,42.9971
"165",NA,"Size_DblN_top_logit_Ocean(3)",-12,-12,-12,-12,-12,-12,-12,-12,-12,-12,-12,-12,-12,0
"166",NA,"Size_DblN_ascend_se_Ocean(3)",4,4,4,4,4,4,4,4,4,4,4,4,4,4
"167",NA,"Size_DblN_descend_se_Ocean(3)",2.69017,2.69734,2.5186,2.5762,2.66849,2.523,2.69017,2.69017,2.6861,2.68954,2.68842,2.72338,2.69642,-3.05895
"168",NA,"Size_DblN_start_logit_Ocean(3)",-15,-15,-15,-15,-15,-15,-15,-15,-15,-15,-15,-15,-15,-10
"169",NA,"Size_DblN_end_logit_Ocean(3)",-0.979909,-1.104,-0.342592,-0.268583,-0.823862,-0.772621,-0.979904,-0.979918,-0.956263,-0.976285,-0.969942,-1.72833,-0.98046,10
"170",NA,"Size_DblN_peak_Shore(4)",22.0747,21.952,23.1226,22.6708,14.6929,14.9962,22.0747,22.0748,22.1206,22.0803,22.0965,22.6437,23.4973,21.7353
"171",NA,"Size_DblN_top_logit_Shore(4)",4,4,4,4,4,4,4,4,4,4,4,4,4,4
"172",NA,"Size_DblN_ascend_se_Shore(4)",3,3,3,3,3,3,3,3,3,3,3,3,3,3
"173",NA,"Size_DblN_descend_se_Shore(4)",0.000287824,0.000287824,0.000287824,0.000287824,0.000287824,0.000287824,0.000287824,0.000287824,0.000287824,0.000287824,0.000287824,0.000287824,0.000287824,0.000287824
"174",NA,"Size_DblN_start_logit_Shore(4)",-15,-15,-15,-15,-15,-15,-15,-15,-15,-15,-15,-15,-15,-15
"175",NA,"Size_DblN_end_logit_Shore(4)",4.34183,4.34183,4.34183,4.34183,4.34183,4.34183,4.34183,4.34183,4.34183,4.34183,4.34183,4.34183,4.34183,4.34183
"176",NA,"Size_DblN_peak_MPA(5)",43.3327,43.146,43.9455,43.84,41.9347,42.2615,43.3327,43.3327,43.3605,43.3368,43.3445,42.324,43.3307,44.5563
"177",NA,"Size_DblN_top_logit_MPA(5)",-12,-12,-12,-12,-12,-12,-12,-12,-12,-12,-12,-12,-12,-12
"178",NA,"Size_DblN_ascend_se_MPA(5)",4,4,4,4,4,4,4,4,4,4,4,4,4,4
"179",NA,"Size_DblN_descend_se_MPA(5)",1.22829,1.50294,0.265115,0.463317,2.11354,2.05071,1.22828,1.22828,1.18542,1.22189,1.21015,2.14609,1.22906,1.61792
"180",NA,"Size_DblN_start_logit_MPA(5)",-15,-15,-15,-15,-15,-15,-15,-15,-15,-15,-15,-15,-15,-15
"181",NA,"Size_DblN_end_logit_MPA(5)",-1.28204,-1.43887,-0.82396,-0.684622,-1.35367,-1.36851,-1.28204,-1.28205,-1.25837,-1.27836,-1.27231,-2.13822,-1.27793,-0.579758
"182",NA,"Size_DblN_peak_Acoustic_Visual(6)",25,25,25,25,25,25,25,25,25,25,25,25,25,25
"183",NA,"Size_DblN_top_logit_Acoustic_Visual(6)",3.26947,3.26947,3.26947,3.26947,3.26947,3.26947,3.26947,3.26947,3.26947,3.26947,3.26947,3.26947,3.26947,3.26947
"184",NA,"Size_DblN_ascend_se_Acoustic_Visual(6)",3.58539,3.58539,3.58539,3.58539,3.58539,3.58539,3.58539,3.58539,3.58539,3.58539,3.58539,3.58539,3.58539,3.58539
"185",NA,"Size_DblN_descend_se_Acoustic_Visual(6)",-9.21034,-9.21034,-9.21034,-9.21034,-9.21034,-9.21034,-9.21034,-9.21034,-9.21034,-9.21034,-9.21034,-9.21034,-9.21034,-9.21034
"186",NA,"Size_DblN_start_logit_Acoustic_Visual(6)",-15,-15,-15,-15,-15,-15,-15,-15,-15,-15,-15,-15,-15,-15
"187",NA,"Size_DblN_end_logit_Acoustic_Visual(6)",11.513,11.513,11.513,11.513,11.513,11.513,11.513,11.513,11.513,11.513,11.513,11.513,11.513,11.513
"188",NA,"Size_inflection_Tag(7)",32,32,32,32,32,32,32,32,32,32,32,32,32,32
"189",NA,"Size_95%width_Tag(7)",1e-06,1e-06,1e-06,1e-06,1e-06,1e-06,1e-06,1e-06,1e-06,1e-06,1e-06,1e-06,1e-06,1e-06
"190",NA,"SizeSel_P1_MRFSS(8)",-1,-1,-1,-1,-1,-1,-1,-1,-1,-1,-1,-1,-1,-1
"191",NA,"SizeSel_P2_MRFSS(8)",-1,-1,-1,-1,-1,-1,-1,-1,-1,-1,-1,-1,-1,-1
"192",NA,"NatM_break_1_Fem_GP_1",NA,0.17,NA,NA,NA,NA,NA,NA,NA,NA,NA,NA,NA,NA
"193",NA,"NatM_break_2_Fem_GP_1",NA,0.2,NA,NA,NA,NA,NA,NA,NA,NA,NA,NA,NA,NA
"194",NA,"NatM_break_1_Mal_GP_1",NA,0.17,NA,NA,NA,NA,NA,NA,NA,NA,NA,NA,NA,NA
"195",NA,"NatM_break_2_Mal_GP_1",NA,0.17,NA,NA,NA,NA,NA,NA,NA,NA,NA,NA,NA,NA
"196",NA,"NatM_Lorenzen_Fem_GP_1",NA,NA,0.19,NA,NA,NA,NA,NA,NA,NA,NA,NA,NA,NA
"197",NA,"NatM_Lorenzen_Mal_GP_1",NA,NA,0.17,NA,NA,NA,NA,NA,NA,NA,NA,NA,NA,NA
"198",NA,"Eggs/kg_inter_Fem_GP_1",NA,NA,NA,NA,NA,NA,NA,NA,NA,NA,1,NA,NA,NA
"199",NA,"Eggs/kg_slope_wt_Fem_GP_1",NA,NA,NA,NA,NA,NA,NA,NA,NA,NA,0,NA,NA,NA
"200",NA,"Main_RecrDev_1892",NA,NA,NA,NA,NA,NA,NA,NA,NA,NA,NA,NA,-0.03551,NA
"201",NA,"Main_RecrDev_1893",NA,NA,NA,NA,NA,NA,NA,NA,NA,NA,NA,NA,-0.0355174,NA
"202",NA,"Main_RecrDev_1894",NA,NA,NA,NA,NA,NA,NA,NA,NA,NA,NA,NA,-0.0355261,NA
"203",NA,"Main_RecrDev_1895",NA,NA,NA,NA,NA,NA,NA,NA,NA,NA,NA,NA,-0.0355355,NA
"204",NA,"Main_RecrDev_1896",NA,NA,NA,NA,NA,NA,NA,NA,NA,NA,NA,NA,-0.0355464,NA
"205",NA,"Main_RecrDev_1897",NA,NA,NA,NA,NA,NA,NA,NA,NA,NA,NA,NA,-0.0355587,NA
"206",NA,"Main_RecrDev_1898",NA,NA,NA,NA,NA,NA,NA,NA,NA,NA,NA,NA,-0.0355724,NA
"207",NA,"Main_RecrDev_1899",NA,NA,NA,NA,NA,NA,NA,NA,NA,NA,NA,NA,-0.035588,NA
"208",NA,"Main_RecrDev_1900",NA,NA,NA,NA,NA,NA,NA,NA,NA,NA,NA,NA,-0.0356056,NA
"209",NA,"Main_RecrDev_1901",NA,NA,NA,NA,NA,NA,NA,NA,NA,NA,NA,NA,-0.0356253,NA
"210",NA,"Main_RecrDev_1902",NA,NA,NA,NA,NA,NA,NA,NA,NA,NA,NA,NA,-0.0356477,NA
"211",NA,"Main_RecrDev_1903",NA,NA,NA,NA,NA,NA,NA,NA,NA,NA,NA,NA,-0.0356729,NA
"212",NA,"Main_RecrDev_1904",NA,NA,NA,NA,NA,NA,NA,NA,NA,NA,NA,NA,-0.0357013,NA
"213",NA,"Main_RecrDev_1905",NA,NA,NA,NA,NA,NA,NA,NA,NA,NA,NA,NA,-0.0357334,NA
"214",NA,"Main_RecrDev_1906",NA,NA,NA,NA,NA,NA,NA,NA,NA,NA,NA,NA,-0.0357696,NA
"215",NA,"Main_RecrDev_1907",NA,NA,NA,NA,NA,NA,NA,NA,NA,NA,NA,NA,-0.0358103,NA
"216",NA,"Main_RecrDev_1908",NA,NA,NA,NA,NA,NA,NA,NA,NA,NA,NA,NA,-0.0358564,NA
"217",NA,"Main_RecrDev_1909",NA,NA,NA,NA,NA,NA,NA,NA,NA,NA,NA,NA,-0.0359084,NA
"218",NA,"Main_RecrDev_1910",NA,NA,NA,NA,NA,NA,NA,NA,NA,NA,NA,NA,-0.0359671,NA
"219",NA,"Main_RecrDev_1911",NA,NA,NA,NA,NA,NA,NA,NA,NA,NA,NA,NA,-0.0360333,NA
"220",NA,"Main_RecrDev_1912",NA,NA,NA,NA,NA,NA,NA,NA,NA,NA,NA,NA,-0.0361079,NA
"221",NA,"Main_RecrDev_1913",NA,NA,NA,NA,NA,NA,NA,NA,NA,NA,NA,NA,-0.0361922,NA
"222",NA,"Main_RecrDev_1914",NA,NA,NA,NA,NA,NA,NA,NA,NA,NA,NA,NA,-0.0362872,NA
"223",NA,"Main_RecrDev_1915",NA,NA,NA,NA,NA,NA,NA,NA,NA,NA,NA,NA,-0.0363944,NA
"224",NA,"Main_RecrDev_1916",NA,NA,NA,NA,NA,NA,NA,NA,NA,NA,NA,NA,-0.0365154,NA
"225",NA,"Main_RecrDev_1917",NA,NA,NA,NA,NA,NA,NA,NA,NA,NA,NA,NA,-0.0366517,NA
"226",NA,"Main_RecrDev_1918",NA,NA,NA,NA,NA,NA,NA,NA,NA,NA,NA,NA,-0.0368055,NA
"227",NA,"Main_RecrDev_1919",NA,NA,NA,NA,NA,NA,NA,NA,NA,NA,NA,NA,-0.036979,NA
"228",NA,"Main_RecrDev_1920",NA,NA,NA,NA,NA,NA,NA,NA,NA,NA,NA,NA,-0.0371746,NA
"229",NA,"Main_RecrDev_1921",NA,NA,NA,NA,NA,NA,NA,NA,NA,NA,NA,NA,-0.0373952,NA
"230",NA,"Main_RecrDev_1922",NA,NA,NA,NA,NA,NA,NA,NA,NA,NA,NA,NA,-0.0376439,NA
"231",NA,"Main_RecrDev_1923",NA,NA,NA,NA,NA,NA,NA,NA,NA,NA,NA,NA,-0.0379242,NA
"232",NA,"Main_RecrDev_1924",NA,NA,NA,NA,NA,NA,NA,NA,NA,NA,NA,NA,-0.0382401,NA
"233",NA,"Main_RecrDev_1925",NA,NA,NA,NA,NA,NA,NA,NA,NA,NA,NA,NA,-0.0385962,NA
"234",NA,"Main_RecrDev_1926",NA,NA,NA,NA,NA,NA,NA,NA,NA,NA,NA,NA,-0.0389973,NA
"235",NA,"Main_RecrDev_1927",NA,NA,NA,NA,NA,NA,NA,NA,NA,NA,NA,NA,-0.0394494,NA
"236",NA,"Main_RecrDev_1928",NA,NA,NA,NA,NA,NA,NA,NA,NA,NA,NA,NA,-0.0399584,NA
"237",NA,"Main_RecrDev_1929",NA,NA,NA,NA,NA,NA,NA,NA,NA,NA,NA,NA,-0.0405313,NA
"238",NA,"Main_RecrDev_1930",NA,NA,NA,NA,NA,NA,NA,NA,NA,NA,NA,NA,-0.0411756,NA
"239",NA,"Main_RecrDev_1931",NA,NA,NA,NA,NA,NA,NA,NA,NA,NA,NA,NA,-0.0419003,NA
"240",NA,"Main_RecrDev_1932",NA,NA,NA,NA,NA,NA,NA,NA,NA,NA,NA,NA,-0.042715,NA
"241",NA,"Main_RecrDev_1933",NA,NA,NA,NA,NA,NA,NA,NA,NA,NA,NA,NA,-0.0436304,NA
"242",NA,"Main_RecrDev_1934",NA,NA,NA,NA,NA,NA,NA,NA,NA,NA,NA,NA,-0.0446589,NA
"243",NA,"Main_RecrDev_1935",NA,NA,NA,NA,NA,NA,NA,NA,NA,NA,NA,NA,-0.045813,NA
"244",NA,"Main_RecrDev_1936",NA,NA,NA,NA,NA,NA,NA,NA,NA,NA,NA,NA,-0.0471066,NA
"245",NA,"Main_RecrDev_1937",NA,NA,NA,NA,NA,NA,NA,NA,NA,NA,NA,NA,-0.0485526,NA
"246",NA,"Main_RecrDev_1938",NA,NA,NA,NA,NA,NA,NA,NA,NA,NA,NA,NA,-0.0501663,NA
"247",NA,"Main_RecrDev_1939",NA,NA,NA,NA,NA,NA,NA,NA,NA,NA,NA,NA,-0.0519661,NA
"248",NA,"Main_RecrDev_1940",NA,NA,NA,NA,NA,NA,NA,NA,NA,NA,NA,NA,-0.0539743,NA
"249",NA,"Main_RecrDev_1941",NA,NA,NA,NA,NA,NA,NA,NA,NA,NA,NA,NA,-0.0562208,NA
"250",NA,"Main_RecrDev_1942",NA,NA,NA,NA,NA,NA,NA,NA,NA,NA,NA,NA,-0.0587363,NA
"251",NA,"Main_RecrDev_1943",NA,NA,NA,NA,NA,NA,NA,NA,NA,NA,NA,NA,-0.0615538,NA
"252",NA,"Main_RecrDev_1944",NA,NA,NA,NA,NA,NA,NA,NA,NA,NA,NA,NA,-0.0646942,NA
"253",NA,"Main_RecrDev_1945",NA,NA,NA,NA,NA,NA,NA,NA,NA,NA,NA,NA,-0.0681803,NA
"254",NA,"Main_RecrDev_1946",NA,NA,NA,NA,NA,NA,NA,NA,NA,NA,NA,NA,-0.0720452,NA
"255",NA,"Main_RecrDev_1947",NA,NA,NA,NA,NA,NA,NA,NA,NA,NA,NA,NA,-0.0764035,NA
"256",NA,"Main_RecrDev_1948",NA,NA,NA,NA,NA,NA,NA,NA,NA,NA,NA,NA,-0.0813423,NA
"257",NA,"Main_RecrDev_1949",NA,NA,NA,NA,NA,NA,NA,NA,NA,NA,NA,NA,-0.0868853,NA
"258",NA,"Main_RecrDev_1950",NA,NA,NA,NA,NA,NA,NA,NA,NA,NA,NA,NA,-0.0931124,NA
"259",NA,"Main_RecrDev_1951",NA,NA,NA,NA,NA,NA,NA,NA,NA,NA,NA,NA,-0.100027,NA
"260",NA,"Main_RecrDev_1952",NA,NA,NA,NA,NA,NA,NA,NA,NA,NA,NA,NA,-0.107842,NA
"261",NA,"Main_RecrDev_1953",NA,NA,NA,NA,NA,NA,NA,NA,NA,NA,NA,NA,-0.116409,NA
"262",NA,"Main_RecrDev_1954",NA,NA,NA,NA,NA,NA,NA,NA,NA,NA,NA,NA,-0.125963,NA
"263",NA,"Main_RecrDev_1955",NA,NA,NA,NA,NA,NA,NA,NA,NA,NA,NA,NA,-0.136693,NA
"264",NA,"Main_RecrDev_1956",NA,NA,NA,NA,NA,NA,NA,NA,NA,NA,NA,NA,-0.148702,NA
"265",NA,"Main_RecrDev_1957",NA,NA,NA,NA,NA,NA,NA,NA,NA,NA,NA,NA,-0.161475,NA
"266",NA,"Main_RecrDev_1958",NA,NA,NA,NA,NA,NA,NA,NA,NA,NA,NA,NA,-0.17548,NA
"267",NA,"Main_RecrDev_1959",NA,NA,NA,NA,NA,NA,NA,NA,NA,NA,NA,NA,-0.190654,NA
"268",NA,"Main_RecrDev_1960",NA,NA,NA,NA,NA,NA,NA,NA,NA,NA,NA,NA,-0.206547,NA
"269",NA,"Main_RecrDev_1961",NA,NA,NA,NA,NA,NA,NA,NA,NA,NA,NA,NA,-0.216054,NA
"270",NA,"Main_RecrDev_1962",NA,NA,NA,NA,NA,NA,NA,NA,NA,NA,NA,NA,-0.217347,NA
"271",NA,"Main_RecrDev_1963",NA,NA,NA,NA,NA,NA,NA,NA,NA,NA,NA,NA,-0.237023,NA
"272",NA,"Main_RecrDev_1964",NA,NA,NA,NA,NA,NA,NA,NA,NA,NA,NA,NA,-0.220293,NA
"273",NA,"Main_RecrDev_1965",NA,NA,NA,NA,NA,NA,NA,NA,NA,NA,NA,NA,-0.267228,NA
"274",NA,"Main_RecrDev_1966",NA,NA,NA,NA,NA,NA,NA,NA,NA,NA,NA,NA,-0.340812,NA
"275",NA,"Main_RecrDev_1967",NA,NA,NA,NA,NA,NA,NA,NA,NA,NA,NA,NA,-0.385758,NA
"276",NA,"Main_RecrDev_1968",NA,NA,NA,NA,NA,NA,NA,NA,NA,NA,NA,NA,-0.423046,NA
"277",NA,"Main_RecrDev_1969",NA,NA,NA,NA,NA,NA,NA,NA,NA,NA,NA,NA,-0.455948,NA
"278",NA,"Main_RecrDev_1970",NA,NA,NA,NA,NA,NA,NA,NA,NA,NA,NA,NA,-0.470455,NA
"279",NA,"Main_RecrDev_1971",NA,NA,NA,NA,NA,NA,NA,NA,NA,NA,NA,NA,-0.518935,NA
"280",NA,"Main_RecrDev_1972",NA,NA,NA,NA,NA,NA,NA,NA,NA,NA,NA,NA,-0.594322,NA
"281",NA,"Main_RecrDev_1973",NA,NA,NA,NA,NA,NA,NA,NA,NA,NA,NA,NA,-0.551933,NA
"282",NA,"Main_RecrDev_1974",NA,NA,NA,NA,NA,NA,NA,NA,NA,NA,NA,NA,-0.605785,NA
"283",NA,"Main_RecrDev_1975",NA,NA,NA,NA,NA,NA,NA,NA,NA,NA,NA,NA,-0.467348,NA
"284",NA,"Main_RecrDev_1976",NA,NA,NA,NA,NA,NA,NA,NA,NA,NA,NA,NA,-0.144489,NA
"285",NA,"Main_RecrDev_1977",NA,NA,NA,NA,NA,NA,NA,NA,NA,NA,NA,NA,-0.25841,NA
"286",NA,"Main_RecrDev_1978",NA,NA,NA,NA,NA,NA,NA,NA,NA,NA,NA,NA,-0.239706,NA
"287",NA,"Main_RecrDev_1979",NA,NA,NA,NA,NA,NA,NA,NA,NA,NA,NA,NA,-0.32826,NA
"288","Derived quantities",NA,NA,NA,NA,NA,NA,NA,NA,NA,NA,NA,NA,NA,NA,NA
"289",NA,"SB0",1632.81,1772.68,1112.45,926.324,1243.54,1484.1,8597.2,1632.81,2093.53,1767.15,2864.67,1896.73,1385.35,1253.42
"290",NA,"SSB_2023",899.771,997.485,578.506,553.61,722.88,734.389,506.787,899.773,1273.22,984.058,1676.38,985.976,901.103,659.513
"291",NA,"Bratio_2023",0.551058,0.5627,0.520028,0.597642,0.581307,0.494839,0.0589479,0.551058,0.608169,0.556862,0.585192,0.51983,0.650449,0.52617
"292",NA,"MSY_SPR",454.965,466.108,432.216,517.425,396.901,528.94,338.072,454.965,492.47,458.532,473.201,488.513,386.642,418.614
"293",NA,"F_SPR",0.064922,0.0671823,0.0579337,0.073026,0.0595253,0.0625115,0.0199153,0.064922,0.0759004,0.0659657,0.0699852,0.0658532,0.0649211,0.0626315
