"file","caption","alt_text","category","png_time","StartTime"
"bio1_sizeatage.png","Length at age in the beginning of the year (or season) in the ending year of the model. Shaded area indicates 95% distribution of length at age around estimated growth curve.",NA,"Bio",2023-07-20 15:20:48.506374,"StartTime: Thu Jul 20 15:08:22 2023"
"bio2_sizeatage_plus_CV_and_SD.png","Length at age (top-left panel) with CV (thick line) and SD (thin line) of length at age shown in top-right and lower-left panels",NA,"Bio",2023-07-20 15:20:48.506374,"StartTime: Thu Jul 20 15:08:22 2023"
"bio3_sizeatage_plus_WT_and_MAT.png","Length at age (top-left panel) with weight (thick line) and maturity (thin line) shown in top-right and lower-left panels",NA,"Bio",2023-07-20 15:20:48.506374,"StartTime: Thu Jul 20 15:08:22 2023"
"bio1B_len_at_age_matrix_1.png","Distribution of length at age for seas: 1 sub_seas: 1 morph: 1",NA,"Bio",2023-07-20 15:20:48.506374,"StartTime: Thu Jul 20 15:08:22 2023"
"bio1B_len_at_age_matrix_2.png","Distribution of length at age for seas: 1 sub_seas: 1 morph: 2",NA,"Bio",2023-07-20 15:20:48.506374,"StartTime: Thu Jul 20 15:08:22 2023"
"bio1B_len_at_age_matrix_3.png","Distribution of length at age for seas: 1 sub_seas: 2 morph: 1",NA,"Bio",2023-07-20 15:20:48.506374,"StartTime: Thu Jul 20 15:08:22 2023"
"bio1B_len_at_age_matrix_4.png","Distribution of length at age for seas: 1 sub_seas: 2 morph: 2",NA,"Bio",2023-07-20 15:20:48.506374,"StartTime: Thu Jul 20 15:08:22 2023"
"bio5_weightatsize.png","Weight-length relationship",NA,"Bio",2023-07-20 15:20:48.506374,"StartTime: Thu Jul 20 15:08:22 2023"
"bio6_maturity.png","Maturity at length",NA,"Bio",2023-07-20 15:20:48.506374,"StartTime: Thu Jul 20 15:08:22 2023"
"bio8_fecundity_wt.png","Fecundity as a function of weight",NA,"Bio",2023-07-20 15:20:48.506374,"StartTime: Thu Jul 20 15:08:22 2023"
"bio9_fecundity_len.png","Fecundity as a function of length",NA,"Bio",2023-07-20 15:20:48.506374,"StartTime: Thu Jul 20 15:08:22 2023"
"bio10_spawningoutput_len.png","Spawning output at length. This is the product of maturity and fecundity unless maturity is age-based, in which case only fecundity is represented.",NA,"Bio",2023-07-20 15:20:48.506374,"StartTime: Thu Jul 20 15:08:22 2023"
"bio11_spawningoutput_age.png","Spawning output at age. This is the product of maturity and fecundity. When these processes are length-based they are converted into the age dimension using the matrix of length at age.",NA,"Bio",2023-07-20 15:20:48.506374,"StartTime: Thu Jul 20 15:08:22 2023"
"sel01_multiple_fleets_length1.png","Selectivity at length for multiple fleets.",NA,"Sel",2023-07-20 15:20:48.506374,"StartTime: Thu Jul 20 15:08:22 2023"
"sel02_multiple_fleets_age1.png","Selectivity at age for multiple fleets.",NA,"Sel",2023-07-20 15:20:48.506374,"StartTime: Thu Jul 20 15:08:22 2023"
"sel02_multiple_fleets_age2.png","Selectivity at age derived from selectivity at length for multiple fleets.",NA,"Sel",2023-07-20 15:20:48.506374,"StartTime: Thu Jul 20 15:08:22 2023"
"sel09_len_flt1sex1.png","Female ending year selectivity for Trawl_wdis",NA,"Sel",2023-07-20 15:20:48.506374,"StartTime: Thu Jul 20 15:08:22 2023"
"sel09_len_flt1sex2.png","Male ending year selectivity for Trawl_wdis",NA,"Sel",2023-07-20 15:20:48.506374,"StartTime: Thu Jul 20 15:08:22 2023"
"sel09_len_flt2sex1.png","Female ending year selectivity for Non-Trawl_wdis",NA,"Sel",2023-07-20 15:20:48.506374,"StartTime: Thu Jul 20 15:08:22 2023"
"sel09_len_flt2sex2.png","Male ending year selectivity for Non-Trawl_wdis",NA,"Sel",2023-07-20 15:20:48.506374,"StartTime: Thu Jul 20 15:08:22 2023"
"sel09_len_flt3sex1.png","Female ending year selectivity for Ocean",NA,"Sel",2023-07-20 15:20:48.506374,"StartTime: Thu Jul 20 15:08:22 2023"
"sel09_len_flt3sex2.png","Male ending year selectivity for Ocean",NA,"Sel",2023-07-20 15:20:48.506374,"StartTime: Thu Jul 20 15:08:22 2023"
"sel09_len_flt4sex1.png","Female ending year selectivity for Shore",NA,"Sel",2023-07-20 15:20:48.506374,"StartTime: Thu Jul 20 15:08:22 2023"
"sel09_len_flt4sex2.png","Male ending year selectivity for Shore",NA,"Sel",2023-07-20 15:20:48.506374,"StartTime: Thu Jul 20 15:08:22 2023"
"sel09_len_flt5sex1.png","Female ending year selectivity for MPA",NA,"Sel",2023-07-20 15:20:48.506374,"StartTime: Thu Jul 20 15:08:22 2023"
"sel09_len_flt5sex2.png","Male ending year selectivity for MPA",NA,"Sel",2023-07-20 15:20:48.506374,"StartTime: Thu Jul 20 15:08:22 2023"
"sel09_len_flt6sex1.png","Female ending year selectivity for Acoustic_Visual",NA,"Sel",2023-07-20 15:20:48.506374,"StartTime: Thu Jul 20 15:08:22 2023"
"sel09_len_flt6sex2.png","Male ending year selectivity for Acoustic_Visual",NA,"Sel",2023-07-20 15:20:48.506374,"StartTime: Thu Jul 20 15:08:22 2023"
"sel09_len_flt7sex1.png","Female ending year selectivity for Tag",NA,"Sel",2023-07-20 15:20:48.506374,"StartTime: Thu Jul 20 15:08:22 2023"
"sel09_len_flt7sex2.png","Male ending year selectivity for Tag",NA,"Sel",2023-07-20 15:20:48.506374,"StartTime: Thu Jul 20 15:08:22 2023"
"sel09_len_flt8sex1.png","Female ending year selectivity for MRFSS",NA,"Sel",2023-07-20 15:20:48.506374,"StartTime: Thu Jul 20 15:08:22 2023"
"sel09_len_flt8sex2.png","Male ending year selectivity for MRFSS",NA,"Sel",2023-07-20 15:20:48.506374,"StartTime: Thu Jul 20 15:08:22 2023"
"sel21_agelen_contour_flt1sex1.png","Female ending year selectivity and growth for Trawl_wdis",NA,"Sel",2023-07-20 15:20:48.506374,"StartTime: Thu Jul 20 15:08:22 2023"
"sel21_agelen_contour_flt1sex2.png","Male ending year selectivity and growth for Trawl_wdis",NA,"Sel",2023-07-20 15:20:48.506374,"StartTime: Thu Jul 20 15:08:22 2023"
"sel21_agelen_contour_flt2sex1.png","Female ending year selectivity and growth for Non-Trawl_wdis",NA,"Sel",2023-07-20 15:20:48.506374,"StartTime: Thu Jul 20 15:08:22 2023"
"sel21_agelen_contour_flt2sex2.png","Male ending year selectivity and growth for Non-Trawl_wdis",NA,"Sel",2023-07-20 15:20:48.506374,"StartTime: Thu Jul 20 15:08:22 2023"
"sel21_agelen_contour_flt3sex1.png","Female ending year selectivity and growth for Ocean",NA,"Sel",2023-07-20 15:20:48.506374,"StartTime: Thu Jul 20 15:08:22 2023"
"sel21_agelen_contour_flt3sex2.png","Male ending year selectivity and growth for Ocean",NA,"Sel",2023-07-20 15:20:48.506374,"StartTime: Thu Jul 20 15:08:22 2023"
"sel21_agelen_contour_flt4sex1.png","Female ending year selectivity and growth for Shore",NA,"Sel",2023-07-20 15:20:48.506374,"StartTime: Thu Jul 20 15:08:22 2023"
"sel21_agelen_contour_flt4sex2.png","Male ending year selectivity and growth for Shore",NA,"Sel",2023-07-20 15:20:48.506374,"StartTime: Thu Jul 20 15:08:22 2023"
"sel21_agelen_contour_flt5sex1.png","Female ending year selectivity and growth for MPA",NA,"Sel",2023-07-20 15:20:48.506374,"StartTime: Thu Jul 20 15:08:22 2023"
"sel21_agelen_contour_flt5sex2.png","Male ending year selectivity and growth for MPA",NA,"Sel",2023-07-20 15:20:48.506374,"StartTime: Thu Jul 20 15:08:22 2023"
"sel21_agelen_contour_flt6sex1.png","Female ending year selectivity and growth for Acoustic_Visual",NA,"Sel",2023-07-20 15:20:48.506374,"StartTime: Thu Jul 20 15:08:22 2023"
"sel21_agelen_contour_flt6sex2.png","Male ending year selectivity and growth for Acoustic_Visual",NA,"Sel",2023-07-20 15:20:48.506374,"StartTime: Thu Jul 20 15:08:22 2023"
"sel21_agelen_contour_flt7sex1.png","Female ending year selectivity and growth for Tag",NA,"Sel",2023-07-20 15:20:48.506374,"StartTime: Thu Jul 20 15:08:22 2023"
"sel21_agelen_contour_flt7sex2.png","Male ending year selectivity and growth for Tag",NA,"Sel",2023-07-20 15:20:48.506374,"StartTime: Thu Jul 20 15:08:22 2023"
"sel21_agelen_contour_flt8sex1.png","Female ending year selectivity and growth for MRFSS",NA,"Sel",2023-07-20 15:20:48.506374,"StartTime: Thu Jul 20 15:08:22 2023"
"sel21_agelen_contour_flt8sex2.png","Male ending year selectivity and growth for MRFSS",NA,"Sel",2023-07-20 15:20:48.506374,"StartTime: Thu Jul 20 15:08:22 2023"
"ts7_Spawning_output.png","Spawning output",NA,"Timeseries",2023-07-20 15:20:48.506374,"StartTime: Thu Jul 20 15:08:22 2023"
"ts7_Spawning_output_with_95_asymptotic_intervals_intervals.png","Spawning output with ~95% asymptotic intervals",NA,"Timeseries",2023-07-20 15:20:48.506374,"StartTime: Thu Jul 20 15:08:22 2023"
"ts9_Relative_spawning_output.png","Relative spawning output: B/B_0",NA,"Timeseries",2023-07-20 15:20:48.506374,"StartTime: Thu Jul 20 15:08:22 2023"
"ts9_Relative_spawning_output_intervals.png","Relative spawning output: B/B_0 with ~95% asymptotic intervals",NA,"Timeseries",2023-07-20 15:20:48.506374,"StartTime: Thu Jul 20 15:08:22 2023"
"ts1_Total_biomass_(mt).png","Total biomass (mt)",NA,"Timeseries",2023-07-20 15:20:48.506374,"StartTime: Thu Jul 20 15:08:22 2023"
"ts4_Summary_biomass_(mt).png","Summary biomass (mt)",NA,"Timeseries",2023-07-20 15:20:48.506374,"StartTime: Thu Jul 20 15:08:22 2023"
"ts11_Age-0_recruits_(1000s).png","Age-0 recruits (1,000s)",NA,"Timeseries",2023-07-20 15:20:48.506374,"StartTime: Thu Jul 20 15:08:22 2023"
"ts11_Age-0_recruits_(1000s)_with_95_asymptotic_intervals.png","Age-0 recruits (1,000s) with ~95% asymptotic intervals",NA,"Timeseries",2023-07-20 15:20:48.506374,"StartTime: Thu Jul 20 15:08:22 2023"
"ts_summaryF.png","Summary F (definition of F depends on setting in starter.ss)",NA,"Timeseries",2023-07-20 15:20:48.506374,"StartTime: Thu Jul 20 15:08:22 2023"
"ts_DynamicB0.png","Dynamic B0 plot. The lower line shows the time series of estimated Spawning output in the presence of fishing mortality. The upper line shows the time series that could occur under the same dynamics (including deviations in recruitment), but without fishing. The point at the left represents the unfished equilibrium.",NA,"Timeseries",2023-07-20 15:20:48.506374,"StartTime: Thu Jul 20 15:08:22 2023"
"recdevs1_points.png","Recruitment deviations",NA,"RecDev",2023-07-20 15:20:48.506374,"StartTime: Thu Jul 20 15:08:22 2023"
"recdevs2_withbars.png","Recruitment deviations with 95% intervals",NA,"RecDev",2023-07-20 15:20:48.506374,"StartTime: Thu Jul 20 15:08:22 2023"
"recdevs3_varcheck.png","Recruitment deviations variance check.<br> See later figure of transformed variance values for comparison with bias adjustment settings in the model.",NA,"RecDev",2023-07-20 15:20:48.506374,"StartTime: Thu Jul 20 15:08:22 2023"
"recruit_fit_bias_adjust.png","Points are transformed variances. Red line shows current settings for bias adjustment specified in control file. Blue line shows least squares estimate of alternative bias adjustment relationship for recruitment deviations (which may or may not be an improvement. For more information, see<br> 
<blockquote>Methot, R.D. and Taylor, I.G., 2011. Adjusting for bias due to variability of estimated recruitments in fishery assessment models. <i>Can. J. Fish. Aquat. Sci.</i>, 68:1744-1760.</blockquote><br> 
Estimated alternative inputs to SS control file associated with blue line in figure: 
<pre>1970.7   #_last_early_yr_nobias_adj_in_MPD 
1985.5   #_first_yr_fullbias_adj_in_MPD 
2016.2   #_last_yr_fullbias_adj_in_MPD 
2023.7   #_first_recent_yr_nobias_adj_in_MPD 
0.9453  #_max_bias_adj_in_MPD (1.0 to mimic pre-2009 models) </pre>",NA,"RecDev",2023-07-20 15:20:48.506374,"StartTime: Thu Jul 20 15:08:22 2023"
"SR_curve.png","Stock-recruit curve.  Point colors indicate year, with warmer colors indicating earlier years and cooler colors in showing later years.",NA,"S-R",2023-07-20 15:20:48.506374,"StartTime: Thu Jul 20 15:08:22 2023"
"SR_curve2.png","Stock-recruit curve with labels on first, last, and years with (log) deviations > 0.5. Point colors indicate year, with warmer colors indicating earlier years and cooler colors in showing later years.",NA,"S-R",2023-07-20 15:20:48.506374,"StartTime: Thu Jul 20 15:08:22 2023"
"SR_resids.png","Deviations around the stock-recruit curve. Labels are on first, last, and years with (log) deviations > 0.5. Point colors indicate year, with warmer colors indicating earlier years and cooler colors in showing later years.",NA,"S-R",2023-07-20 15:20:48.506374,"StartTime: Thu Jul 20 15:08:22 2023"
"catch1 landings.png","landings",NA,"Catch",2023-07-20 15:20:48.506374,"StartTime: Thu Jul 20 15:08:22 2023"
"catch2 landings stacked.png","landings stacked",NA,"Catch",2023-07-20 15:20:48.506374,"StartTime: Thu Jul 20 15:08:22 2023"
"catch9 harvest rate.png","harvest rate",NA,"Catch",2023-07-20 15:20:48.506374,"StartTime: Thu Jul 20 15:08:22 2023"
"SPR1_series.png","Timeseries of SPR. Horizontal line is at SPR target: 0.5",NA,"SPR",2023-07-20 15:20:48.506374,"StartTime: Thu Jul 20 15:08:22 2023"
"SPR2_minusSPRseries.png","Timeseries of 1-SPR. Horizontal line is at 1 - SPR target: 1 - 0.5 = 0.5",NA,"SPR",2023-07-20 15:20:48.506374,"StartTime: Thu Jul 20 15:08:22 2023"
"SPR3_ratiointerval.png","Timeseries of SPR ratio: 1-SPR",NA,"SPR",2023-07-20 15:20:48.506374,"StartTime: Thu Jul 20 15:08:22 2023"
"SPR4_phase.png","Phase plot of biomass ratio vs. SPR ratio.<br> Each point represents the biomass ratio at the start of the year and the relative fishing intensity in that same year. Warmer colors (red) represent early years and colder colors (blue) represent recent years. Lines through the final point show 95% intervals based on the asymptotic uncertainty for each dimension. The shaded ellipse is a 95% region which accounts for the estimated correlation between the two quantities: -0.946. The vertical line at 0.4 indicates the reference point as defined in the forecast.ss which can be removed from the plot via <code>SS_plots(..., btarg = -1)</code>. The horizontal line is at 1 - SPR target: 1 - 0.5 = 0.5. ",NA,"SPR",2023-07-20 15:20:48.506374,"StartTime: Thu Jul 20 15:08:22 2023"
"index1_cpuedata_Non-Trawl_wdis.png","Index data for Non-Trawl_wdis. Lines indicate 95% uncertainty interval around index values based on the model assumption of lognormal error. Thicker lines (if present) indicate input uncertainty before addition of estimated additional uncertainty parameter.",NA,"Index",2023-07-20 15:20:48.506374,"StartTime: Thu Jul 20 15:08:22 2023"
"index2_cpuefit_Non-Trawl_wdis.png","Fit to index data for Non-Trawl_wdis. Lines indicate 95% uncertainty interval around index values based on the model assumption of lognormal error. Thicker lines (if present) indicate input uncertainty before addition of estimated additional uncertainty parameter.",NA,"Index",2023-07-20 15:20:48.506374,"StartTime: Thu Jul 20 15:08:22 2023"
"index3_obs_vs_exp_Non-Trawl_wdis.png","Observed vs. expected index values with smoother for Non-Trawl_wdis",NA,"Index",2023-07-20 15:20:48.506374,"StartTime: Thu Jul 20 15:08:22 2023"
"index4_logcpuedata_Non-Trawl_wdis.png","Log index data for Non-Trawl_wdis. Lines indicate 95% uncertainty interval around index values based on the model assumption of lognormal error. Thicker lines (if present) indicate input uncertainty before addition of estimated additional uncertainty parameter.",NA,"Index",2023-07-20 15:20:48.506374,"StartTime: Thu Jul 20 15:08:22 2023"
"index5_logcpuefit_Non-Trawl_wdis.png","Fit to log index data on log scale for Non-Trawl_wdis. Lines indicate 95% uncertainty interval around index values based on the model assumption of lognormal error. Thicker lines (if present) indicate input uncertainty before addition of estimated additional uncertainty parameter.",NA,"Index",2023-07-20 15:20:48.506374,"StartTime: Thu Jul 20 15:08:22 2023"
"index6_log_obs_vs_exp_Non-Trawl_wdis.png","log(observed) vs. log(expected) index values with smoother for Non-Trawl_wdis",NA,"Index",2023-07-20 15:20:48.506374,"StartTime: Thu Jul 20 15:08:22 2023"
"index10_resids_SE_total_Non-Trawl_wdis.png","Residuals of fit to index for Non-Trawl_wdis.<br>Values are (log(Obs) - log(Exp))/SE where SE is the total standard error including any estimated additional uncertainty.",NA,"Index",2023-07-20 15:20:48.506374,"StartTime: Thu Jul 20 15:08:22 2023"
"index12_resids_SE_total_Non-Trawl_wdis.png","Deviations for fit to index for Non-Trawl_wdis.<br>Values are log(Obs) - log(Exp) and thus independent of index uncertainty.",NA,"Index",2023-07-20 15:20:48.506374,"StartTime: Thu Jul 20 15:08:22 2023"
"index1_cpuedata_Ocean.png","Index data for Ocean. Lines indicate 95% uncertainty interval around index values based on the model assumption of lognormal error. Thicker lines (if present) indicate input uncertainty before addition of estimated additional uncertainty parameter.",NA,"Index",2023-07-20 15:20:48.506374,"StartTime: Thu Jul 20 15:08:22 2023"
"index2_cpuefit_Ocean.png","Fit to index data for Ocean. Lines indicate 95% uncertainty interval around index values based on the model assumption of lognormal error. Thicker lines (if present) indicate input uncertainty before addition of estimated additional uncertainty parameter.",NA,"Index",2023-07-20 15:20:48.506374,"StartTime: Thu Jul 20 15:08:22 2023"
"index3_obs_vs_exp_Ocean.png","Observed vs. expected index values with smoother for Ocean",NA,"Index",2023-07-20 15:20:48.506374,"StartTime: Thu Jul 20 15:08:22 2023"
"index4_logcpuedata_Ocean.png","Log index data for Ocean. Lines indicate 95% uncertainty interval around index values based on the model assumption of lognormal error. Thicker lines (if present) indicate input uncertainty before addition of estimated additional uncertainty parameter.",NA,"Index",2023-07-20 15:20:48.506374,"StartTime: Thu Jul 20 15:08:22 2023"
"index5_logcpuefit_Ocean.png","Fit to log index data on log scale for Ocean. Lines indicate 95% uncertainty interval around index values based on the model assumption of lognormal error. Thicker lines (if present) indicate input uncertainty before addition of estimated additional uncertainty parameter.",NA,"Index",2023-07-20 15:20:48.506374,"StartTime: Thu Jul 20 15:08:22 2023"
"index6_log_obs_vs_exp_Ocean.png","log(observed) vs. log(expected) index values with smoother for Ocean",NA,"Index",2023-07-20 15:20:48.506374,"StartTime: Thu Jul 20 15:08:22 2023"
"index10_resids_SE_total_Ocean.png","Residuals of fit to index for Ocean.<br>Values are (log(Obs) - log(Exp))/SE where SE is the total standard error including any estimated additional uncertainty.",NA,"Index",2023-07-20 15:20:48.506374,"StartTime: Thu Jul 20 15:08:22 2023"
"index12_resids_SE_total_Ocean.png","Deviations for fit to index for Ocean.<br>Values are log(Obs) - log(Exp) and thus independent of index uncertainty.",NA,"Index",2023-07-20 15:20:48.506374,"StartTime: Thu Jul 20 15:08:22 2023"
"index1_cpuedata_MPA.png","Index data for MPA. Lines indicate 95% uncertainty interval around index values based on the model assumption of lognormal error. Thicker lines (if present) indicate input uncertainty before addition of estimated additional uncertainty parameter.",NA,"Index",2023-07-20 15:20:48.506374,"StartTime: Thu Jul 20 15:08:22 2023"
"index2_cpuefit_MPA.png","Fit to index data for MPA. Lines indicate 95% uncertainty interval around index values based on the model assumption of lognormal error. Thicker lines (if present) indicate input uncertainty before addition of estimated additional uncertainty parameter.",NA,"Index",2023-07-20 15:20:48.506374,"StartTime: Thu Jul 20 15:08:22 2023"
"index3_obs_vs_exp_MPA.png","Observed vs. expected index values with smoother for MPA",NA,"Index",2023-07-20 15:20:48.506374,"StartTime: Thu Jul 20 15:08:22 2023"
"index4_logcpuedata_MPA.png","Log index data for MPA. Lines indicate 95% uncertainty interval around index values based on the model assumption of lognormal error. Thicker lines (if present) indicate input uncertainty before addition of estimated additional uncertainty parameter.",NA,"Index",2023-07-20 15:20:48.506374,"StartTime: Thu Jul 20 15:08:22 2023"
"index5_logcpuefit_MPA.png","Fit to log index data on log scale for MPA. Lines indicate 95% uncertainty interval around index values based on the model assumption of lognormal error. Thicker lines (if present) indicate input uncertainty before addition of estimated additional uncertainty parameter.",NA,"Index",2023-07-20 15:20:48.506374,"StartTime: Thu Jul 20 15:08:22 2023"
"index6_log_obs_vs_exp_MPA.png","log(observed) vs. log(expected) index values with smoother for MPA",NA,"Index",2023-07-20 15:20:48.506374,"StartTime: Thu Jul 20 15:08:22 2023"
"index10_resids_SE_total_MPA.png","Residuals of fit to index for MPA.<br>Values are (log(Obs) - log(Exp))/SE where SE is the total standard error including any estimated additional uncertainty.",NA,"Index",2023-07-20 15:20:48.506374,"StartTime: Thu Jul 20 15:08:22 2023"
"index12_resids_SE_total_MPA.png","Deviations for fit to index for MPA.<br>Values are log(Obs) - log(Exp) and thus independent of index uncertainty.",NA,"Index",2023-07-20 15:20:48.506374,"StartTime: Thu Jul 20 15:08:22 2023"
"index1_cpuedata_Acoustic_Visual.png","Index data for Acoustic_Visual. Lines indicate 95% uncertainty interval around index values based on the model assumption of lognormal error. Thicker lines (if present) indicate input uncertainty before addition of estimated additional uncertainty parameter.",NA,"Index",2023-07-20 15:20:48.506374,"StartTime: Thu Jul 20 15:08:22 2023"
"index2_cpuefit_Acoustic_Visual.png","Fit to index data for Acoustic_Visual. Lines indicate 95% uncertainty interval around index values based on the model assumption of lognormal error. Thicker lines (if present) indicate input uncertainty before addition of estimated additional uncertainty parameter.",NA,"Index",2023-07-20 15:20:48.506374,"StartTime: Thu Jul 20 15:08:22 2023"
"index3_obs_vs_exp_Acoustic_Visual.png","Observed vs. expected index values with smoother for Acoustic_Visual",NA,"Index",2023-07-20 15:20:48.506374,"StartTime: Thu Jul 20 15:08:22 2023"
"index4_logcpuedata_Acoustic_Visual.png","Log index data for Acoustic_Visual. Lines indicate 95% uncertainty interval around index values based on the model assumption of lognormal error. Thicker lines (if present) indicate input uncertainty before addition of estimated additional uncertainty parameter.",NA,"Index",2023-07-20 15:20:48.506374,"StartTime: Thu Jul 20 15:08:22 2023"
"index5_logcpuefit_Acoustic_Visual.png","Fit to log index data on log scale for Acoustic_Visual. Lines indicate 95% uncertainty interval around index values based on the model assumption of lognormal error. Thicker lines (if present) indicate input uncertainty before addition of estimated additional uncertainty parameter.",NA,"Index",2023-07-20 15:20:48.506374,"StartTime: Thu Jul 20 15:08:22 2023"
"index6_log_obs_vs_exp_Acoustic_Visual.png","log(observed) vs. log(expected) index values with smoother for Acoustic_Visual",NA,"Index",2023-07-20 15:20:48.506374,"StartTime: Thu Jul 20 15:08:22 2023"
"index10_resids_SE_total_Acoustic_Visual.png","Residuals of fit to index for Acoustic_Visual.<br>Values are (log(Obs) - log(Exp))/SE where SE is the total standard error including any estimated additional uncertainty.",NA,"Index",2023-07-20 15:20:48.506374,"StartTime: Thu Jul 20 15:08:22 2023"
"index12_resids_SE_total_Acoustic_Visual.png","Deviations for fit to index for Acoustic_Visual.<br>Values are log(Obs) - log(Exp) and thus independent of index uncertainty.",NA,"Index",2023-07-20 15:20:48.506374,"StartTime: Thu Jul 20 15:08:22 2023"
"index1_cpuedata_Tag.png","Index data for Tag. Lines indicate 95% uncertainty interval around index values based on the model assumption of lognormal error. Thicker lines (if present) indicate input uncertainty before addition of estimated additional uncertainty parameter.",NA,"Index",2023-07-20 15:20:48.506374,"StartTime: Thu Jul 20 15:08:22 2023"
"index2_cpuefit_Tag.png","Fit to index data for Tag. Lines indicate 95% uncertainty interval around index values based on the model assumption of lognormal error. Thicker lines (if present) indicate input uncertainty before addition of estimated additional uncertainty parameter.",NA,"Index",2023-07-20 15:20:48.506374,"StartTime: Thu Jul 20 15:08:22 2023"
"index3_obs_vs_exp_Tag.png","Observed vs. expected index values with smoother for Tag",NA,"Index",2023-07-20 15:20:48.506374,"StartTime: Thu Jul 20 15:08:22 2023"
"index4_logcpuedata_Tag.png","Log index data for Tag. Lines indicate 95% uncertainty interval around index values based on the model assumption of lognormal error. Thicker lines (if present) indicate input uncertainty before addition of estimated additional uncertainty parameter.",NA,"Index",2023-07-20 15:20:48.506374,"StartTime: Thu Jul 20 15:08:22 2023"
"index5_logcpuefit_Tag.png","Fit to log index data on log scale for Tag. Lines indicate 95% uncertainty interval around index values based on the model assumption of lognormal error. Thicker lines (if present) indicate input uncertainty before addition of estimated additional uncertainty parameter.",NA,"Index",2023-07-20 15:20:48.506374,"StartTime: Thu Jul 20 15:08:22 2023"
"index6_log_obs_vs_exp_Tag.png","log(observed) vs. log(expected) index values with smoother for Tag",NA,"Index",2023-07-20 15:20:48.506374,"StartTime: Thu Jul 20 15:08:22 2023"
"index10_resids_SE_total_Tag.png","Residuals of fit to index for Tag.<br>Values are (log(Obs) - log(Exp))/SE where SE is the total standard error including any estimated additional uncertainty.",NA,"Index",2023-07-20 15:20:48.506374,"StartTime: Thu Jul 20 15:08:22 2023"
"index12_resids_SE_total_Tag.png","Deviations for fit to index for Tag.<br>Values are log(Obs) - log(Exp) and thus independent of index uncertainty.",NA,"Index",2023-07-20 15:20:48.506374,"StartTime: Thu Jul 20 15:08:22 2023"
"index1_cpuedata_MRFSS.png","Index data for MRFSS. Lines indicate 95% uncertainty interval around index values based on the model assumption of lognormal error. Thicker lines (if present) indicate input uncertainty before addition of estimated additional uncertainty parameter.",NA,"Index",2023-07-20 15:20:48.506374,"StartTime: Thu Jul 20 15:08:22 2023"
"index2_cpuefit_MRFSS.png","Fit to index data for MRFSS. Lines indicate 95% uncertainty interval around index values based on the model assumption of lognormal error. Thicker lines (if present) indicate input uncertainty before addition of estimated additional uncertainty parameter.",NA,"Index",2023-07-20 15:20:48.506374,"StartTime: Thu Jul 20 15:08:22 2023"
"index3_obs_vs_exp_MRFSS.png","Observed vs. expected index values with smoother for MRFSS",NA,"Index",2023-07-20 15:20:48.506374,"StartTime: Thu Jul 20 15:08:22 2023"
"index4_logcpuedata_MRFSS.png","Log index data for MRFSS. Lines indicate 95% uncertainty interval around index values based on the model assumption of lognormal error. Thicker lines (if present) indicate input uncertainty before addition of estimated additional uncertainty parameter.",NA,"Index",2023-07-20 15:20:48.506374,"StartTime: Thu Jul 20 15:08:22 2023"
"index5_logcpuefit_MRFSS.png","Fit to log index data on log scale for MRFSS. Lines indicate 95% uncertainty interval around index values based on the model assumption of lognormal error. Thicker lines (if present) indicate input uncertainty before addition of estimated additional uncertainty parameter.",NA,"Index",2023-07-20 15:20:48.506374,"StartTime: Thu Jul 20 15:08:22 2023"
"index6_log_obs_vs_exp_MRFSS.png","log(observed) vs. log(expected) index values with smoother for MRFSS",NA,"Index",2023-07-20 15:20:48.506374,"StartTime: Thu Jul 20 15:08:22 2023"
"index10_resids_SE_total_MRFSS.png","Residuals of fit to index for MRFSS.<br>Values are (log(Obs) - log(Exp))/SE where SE is the total standard error including any estimated additional uncertainty.",NA,"Index",2023-07-20 15:20:48.506374,"StartTime: Thu Jul 20 15:08:22 2023"
"index12_resids_SE_total_MRFSS.png","Deviations for fit to index for MRFSS.<br>Values are log(Obs) - log(Exp) and thus independent of index uncertainty.",NA,"Index",2023-07-20 15:20:48.506374,"StartTime: Thu Jul 20 15:08:22 2023"
"index9_standcpueall.png","Standardized indices overlaid. Each index is rescaled to have mean observation = 1.0.",NA,"Index",2023-07-20 15:20:48.506374,"StartTime: Thu Jul 20 15:08:22 2023"
"numbers1_sex1_beg.png","Beginning of year expected numbers at age of females in (max ~ 3.3 million)",NA,"Numbers",2023-07-20 15:20:48.506374,"StartTime: Thu Jul 20 15:08:22 2023"
"numbers1_sex2_beg.png","Beginning of year expected numbers at age of males in (max ~ 3.3 million)",NA,"Numbers",2023-07-20 15:20:48.506374,"StartTime: Thu Jul 20 15:08:22 2023"
"numbers2_meanage_beg.png","Beginning of year mean age in the population",NA,"Numbers",2023-07-20 15:20:48.506374,"StartTime: Thu Jul 20 15:08:22 2023"
"numbers1_sex1_mid.png","Middle of year expected numbers at age of females in (max ~ 3.0 million)",NA,"Numbers",2023-07-20 15:20:48.506374,"StartTime: Thu Jul 20 15:08:22 2023"
"numbers1_sex2_mid.png","Middle of year expected numbers at age of males in (max ~ 3.1 million)",NA,"Numbers",2023-07-20 15:20:48.506374,"StartTime: Thu Jul 20 15:08:22 2023"
"numbers2_meanage_mid.png","Middle of year mean age in the population",NA,"Numbers",2023-07-20 15:20:48.506374,"StartTime: Thu Jul 20 15:08:22 2023"
"numbers3_frac_female_age.png","Fraction female in numbers at age",NA,"Numbers",2023-07-20 15:20:48.506374,"StartTime: Thu Jul 20 15:08:22 2023"
"numbers6_len_sex1.png","Beginning of year expected numbers at length of females in (max ~ 3.3 million)",NA,"Numbers",2023-07-20 15:20:48.506374,"StartTime: Thu Jul 20 15:08:22 2023"
"numbers6_len_sex2.png","Beginning of year expected numbers at length of males in (max ~ 3.3 million)",NA,"Numbers",2023-07-20 15:20:48.506374,"StartTime: Thu Jul 20 15:08:22 2023"
"numbers7_meanlen.png","Beginning of year mean length (cm) in the population",NA,"Numbers",2023-07-20 15:20:48.506374,"StartTime: Thu Jul 20 15:08:22 2023"
"numbers6_len_sex1.png","Middle of year expected numbers at length of females in (max ~ 3.0 million)",NA,"Numbers",2023-07-20 15:20:48.506374,"StartTime: Thu Jul 20 15:08:22 2023"
"numbers6_len_sex2.png","Middle of year expected numbers at length of males in (max ~ 3.0 million)",NA,"Numbers",2023-07-20 15:20:48.506374,"StartTime: Thu Jul 20 15:08:22 2023"
"numbers7_meanlen.png","Middle of year mean length (cm) in the population",NA,"Numbers",2023-07-20 15:20:48.506374,"StartTime: Thu Jul 20 15:08:22 2023"
"numbers8_frac_female_len.png","Fraction female in numbers at length",NA,"Numbers",2023-07-20 15:20:48.506374,"StartTime: Thu Jul 20 15:08:22 2023"
"numbers4_equilagecomp.png","Equilibrium age distribution",NA,"Numbers",2023-07-20 15:20:48.506374,"StartTime: Thu Jul 20 15:08:22 2023"
"numbers5_ageerrorSD.png","Ageing imprecision: SD of observed age (yr)",NA,"Numbers",2023-07-20 15:20:48.506374,"StartTime: Thu Jul 20 15:08:22 2023"
"numbers5_ageerrorMeans.png","Ageing imprecision: Mean observed age (yr)",NA,"Numbers",2023-07-20 15:20:48.506374,"StartTime: Thu Jul 20 15:08:22 2023"
"numbers10_ageerror_matrix_1.png","Distribution of observed age at true age 
 for ageing error type 1",NA,"Numbers",2023-07-20 15:20:48.506374,"StartTime: Thu Jul 20 15:08:22 2023"
"numbers10_ageerror_matrix_2.png","Distribution of observed age at true age 
 for ageing error type 2",NA,"Numbers",2023-07-20 15:20:48.506374,"StartTime: Thu Jul 20 15:08:22 2023"
"numbers10_ageerror_matrix_3.png","Distribution of observed age at true age 
 for ageing error type 3",NA,"Numbers",2023-07-20 15:20:48.506374,"StartTime: Thu Jul 20 15:08:22 2023"
"numbers10_ageerror_matrix_4.png","Distribution of observed age at true age 
 for ageing error type 4",NA,"Numbers",2023-07-20 15:20:48.506374,"StartTime: Thu Jul 20 15:08:22 2023"
"numbers10_ageerror_matrix_5.png","Distribution of observed age at true age 
 for ageing error type 5",NA,"Numbers",2023-07-20 15:20:48.506374,"StartTime: Thu Jul 20 15:08:22 2023"
"numbers10_ageerror_matrix_6.png","Distribution of observed age at true age 
 for ageing error type 6",NA,"Numbers",2023-07-20 15:20:48.506374,"StartTime: Thu Jul 20 15:08:22 2023"
"numbers10_ageerror_matrix_7.png","Distribution of observed age at true age 
 for ageing error type 7",NA,"Numbers",2023-07-20 15:20:48.506374,"StartTime: Thu Jul 20 15:08:22 2023"
"comp_lendat__aggregated_across_time.png","Length comp data, aggregated across time by fleet.
 <br> Labels 'retained' and 'discard' indicate discarded or retained sampled for each fleet. Panels without this designation represent the whole catch.
",NA,"CompDat",2023-07-20 15:20:48.506374,"StartTime: Thu Jul 20 15:08:22 2023"
"comp_lendat__multi-fleet_comparison.png","Length comp data,  comparing across fleets",NA,"CompDat",2023-07-20 15:20:48.506374,"StartTime: Thu Jul 20 15:08:22 2023"
"comp_lendat_flt1mkt0.png","Length comp data, whole catch, Trawl_wdis.<br><br>'N adj.' is the input sample size after data-weighting adjustment. N eff. is the calculated effective sample size used in the McAllister-Ianelli tuning method.",NA,"CompDat",2023-07-20 15:20:48.506374,"StartTime: Thu Jul 20 15:08:22 2023"
"comp_lendat_bubflt1mkt0.png","Length comp data, whole catch, Trawl_wdis (max=0.97)",NA,"CompDat",2023-07-20 15:20:48.506374,"StartTime: Thu Jul 20 15:08:22 2023"
"comp_lendat_data_weighting_TA1.8_Trawl_wdis.png","Mean length for Trawl_wdis with 95% confidence intervals based on current sample sizes.",NA,"CompDat",2023-07-20 15:20:48.506374,"StartTime: Thu Jul 20 15:08:22 2023"
"comp_lendat_flt2mkt0_page1.png","Length comp data, whole catch, Non-Trawl_wdis (plot 1 of 2).<br><br>'N adj.' is the input sample size after data-weighting adjustment. N eff. is the calculated effective sample size used in the McAllister-Ianelli tuning method.",NA,"CompDat",2023-07-20 15:20:48.506374,"StartTime: Thu Jul 20 15:08:22 2023"
"comp_lendat_flt2mkt0_page2.png","Length comp data, whole catch, Non-Trawl_wdis (plot 1 of 2).<br><br>'N adj.' is the input sample size after data-weighting adjustment. N eff. is the calculated effective sample size used in the McAllister-Ianelli tuning method. (plot 2 of 2)",NA,"CompDat",2023-07-20 15:20:48.506374,"StartTime: Thu Jul 20 15:08:22 2023"
"comp_lendat_bubflt2mkt0_page2.png","Length comp data, whole catch, Non-Trawl_wdis (max=0.55) (plot 2 of 2)",NA,"CompDat",2023-07-20 15:20:48.506374,"StartTime: Thu Jul 20 15:08:22 2023"
"comp_lendat_data_weighting_TA1.8_Non-Trawl_wdis.png","Mean length for Non-Trawl_wdis with 95% confidence intervals based on current sample sizes.",NA,"CompDat",2023-07-20 15:20:48.506374,"StartTime: Thu Jul 20 15:08:22 2023"
"comp_lendat_flt3mkt0_page1.png","Length comp data, whole catch, Ocean (plot 1 of 2).<br><br>'N adj.' is the input sample size after data-weighting adjustment. N eff. is the calculated effective sample size used in the McAllister-Ianelli tuning method.",NA,"CompDat",2023-07-20 15:20:48.506374,"StartTime: Thu Jul 20 15:08:22 2023"
"comp_lendat_flt3mkt0_page2.png","Length comp data, whole catch, Ocean (plot 1 of 2).<br><br>'N adj.' is the input sample size after data-weighting adjustment. N eff. is the calculated effective sample size used in the McAllister-Ianelli tuning method. (plot 2 of 2)",NA,"CompDat",2023-07-20 15:20:48.506374,"StartTime: Thu Jul 20 15:08:22 2023"
"comp_lendat_bubflt3mkt0_page2.png","Length comp data, whole catch, Ocean (max=0.21) (plot 2 of 2)",NA,"CompDat",2023-07-20 15:20:48.506374,"StartTime: Thu Jul 20 15:08:22 2023"
"comp_lendat_data_weighting_TA1.8_Ocean.png","Mean length for Ocean with 95% confidence intervals based on current sample sizes.",NA,"CompDat",2023-07-20 15:20:48.506374,"StartTime: Thu Jul 20 15:08:22 2023"
"comp_lendat_flt4mkt0.png","Length comp data, whole catch, Shore.<br><br>'N adj.' is the input sample size after data-weighting adjustment. N eff. is the calculated effective sample size used in the McAllister-Ianelli tuning method.",NA,"CompDat",2023-07-20 15:20:48.506374,"StartTime: Thu Jul 20 15:08:22 2023"
"comp_lendat_bubflt4mkt0.png","Length comp data, whole catch, Shore (max=0.26)",NA,"CompDat",2023-07-20 15:20:48.506374,"StartTime: Thu Jul 20 15:08:22 2023"
"comp_lendat_data_weighting_TA1.8_Shore.png","Mean length for Shore with 95% confidence intervals based on current sample sizes.",NA,"CompDat",2023-07-20 15:20:48.506374,"StartTime: Thu Jul 20 15:08:22 2023"
"comp_lendat_flt5mkt0.png","Length comp data, whole catch, MPA.<br><br>'N adj.' is the input sample size after data-weighting adjustment. N eff. is the calculated effective sample size used in the McAllister-Ianelli tuning method.",NA,"CompDat",2023-07-20 15:20:48.506374,"StartTime: Thu Jul 20 15:08:22 2023"
"comp_lendat_bubflt5mkt0.png","Length comp data, whole catch, MPA (max=0.27)",NA,"CompDat",2023-07-20 15:20:48.506374,"StartTime: Thu Jul 20 15:08:22 2023"
"comp_lendat_data_weighting_TA1.8_MPA.png","Mean length for MPA with 95% confidence intervals based on current sample sizes.",NA,"CompDat",2023-07-20 15:20:48.506374,"StartTime: Thu Jul 20 15:08:22 2023"
"sexratio_data_len_flt1mkt0.png","Sex ratios for length comps, whole catch, Trawl_wdis.<br>Observed sex ratios (points) with 75% intervals (vertical lines) calculated as a <a href='https://www.jstor.org/stable/2676784'>Jeffreys interval</a> based on the adjusted input sample size.",NA,"CompDat",2023-07-20 15:20:48.506374,"StartTime: Thu Jul 20 15:08:22 2023"
"sexratio_data_len_flt2mkt0_page1.png","Sex ratios for length comps, whole catch, Non-Trawl_wdis (plot 1 of 2).<br>Observed sex ratios (points) with 75% intervals (vertical lines) calculated as a <a href='https://www.jstor.org/stable/2676784'>Jeffreys interval</a> based on the adjusted input sample size.",NA,"CompDat",2023-07-20 15:20:48.506374,"StartTime: Thu Jul 20 15:08:22 2023"
"sexratio_data_len_flt2mkt0_page2.png","Sex ratios for length comps, whole catch, Non-Trawl_wdis (plot 1 of 2).<br>Observed sex ratios (points) with 75% intervals (vertical lines) calculated as a <a href='https://www.jstor.org/stable/2676784'>Jeffreys interval</a> based on the adjusted input sample size. (plot 2 of 2)",NA,"CompDat",2023-07-20 15:20:48.506374,"StartTime: Thu Jul 20 15:08:22 2023"
"comp_agedat__aggregated_across_time.png","Age comp data, aggregated across time by fleet.
 <br> Labels 'retained' and 'discard' indicate discarded or retained sampled for each fleet. Panels without this designation represent the whole catch.
",NA,"CompDat",2023-07-20 15:20:48.506374,"StartTime: Thu Jul 20 15:08:22 2023"
"comp_agedat__multi-fleet_comparison.png","Age comp data,  comparing across fleets",NA,"CompDat",2023-07-20 15:20:48.506374,"StartTime: Thu Jul 20 15:08:22 2023"
"comp_agedat_flt1mkt0.png","Age comp data, whole catch, Trawl_wdis.<br><br>'N adj.' is the input sample size after data-weighting adjustment. N eff. is the calculated effective sample size used in the McAllister-Ianelli tuning method.",NA,"CompDat",2023-07-20 15:20:48.506374,"StartTime: Thu Jul 20 15:08:22 2023"
"comp_agedat_bubflt1mkt0.png","Age comp data, whole catch, Trawl_wdis (max=0.96)",NA,"CompDat",2023-07-20 15:20:48.506374,"StartTime: Thu Jul 20 15:08:22 2023"
"comp_agedat_data_weighting_TA1.8_Trawl_wdis.png","Mean age for Trawl_wdis with 95% confidence intervals based on current sample sizes.",NA,"CompDat",2023-07-20 15:20:48.506374,"StartTime: Thu Jul 20 15:08:22 2023"
"comp_agedat_flt2mkt0_page1.png","Age comp data, whole catch, Non-Trawl_wdis (plot 1 of 2).<br><br>'N adj.' is the input sample size after data-weighting adjustment. N eff. is the calculated effective sample size used in the McAllister-Ianelli tuning method.",NA,"CompDat",2023-07-20 15:20:48.506374,"StartTime: Thu Jul 20 15:08:22 2023"
"comp_agedat_flt2mkt0_page2.png","Age comp data, whole catch, Non-Trawl_wdis (plot 1 of 2).<br><br>'N adj.' is the input sample size after data-weighting adjustment. N eff. is the calculated effective sample size used in the McAllister-Ianelli tuning method. (plot 2 of 2)",NA,"CompDat",2023-07-20 15:20:48.506374,"StartTime: Thu Jul 20 15:08:22 2023"
"comp_agedat_bubflt2mkt0_page2.png","Age comp data, whole catch, Non-Trawl_wdis (max=0.96) (plot 2 of 2)",NA,"CompDat",2023-07-20 15:20:48.506374,"StartTime: Thu Jul 20 15:08:22 2023"
"comp_agedat_data_weighting_TA1.8_Non-Trawl_wdis.png","Mean age for Non-Trawl_wdis with 95% confidence intervals based on current sample sizes.",NA,"CompDat",2023-07-20 15:20:48.506374,"StartTime: Thu Jul 20 15:08:22 2023"
"comp_agedat_flt3mkt0.png","Age comp data, whole catch, Ocean.<br><br>'N adj.' is the input sample size after data-weighting adjustment. N eff. is the calculated effective sample size used in the McAllister-Ianelli tuning method.",NA,"CompDat",2023-07-20 15:20:48.506374,"StartTime: Thu Jul 20 15:08:22 2023"
"comp_agedat_bubflt3mkt0.png","Age comp data, whole catch, Ocean (max=0.96)",NA,"CompDat",2023-07-20 15:20:48.506374,"StartTime: Thu Jul 20 15:08:22 2023"
"comp_agedat_data_weighting_TA1.8_Ocean.png","Mean age for Ocean with 95% confidence intervals based on current sample sizes.",NA,"CompDat",2023-07-20 15:20:48.506374,"StartTime: Thu Jul 20 15:08:22 2023"
"sexratio_data_age_flt1mkt0.png","Sex ratios for age comps, whole catch, Trawl_wdis.<br>Observed sex ratios (points) with 75% intervals (vertical lines) calculated as a <a href='https://www.jstor.org/stable/2676784'>Jeffreys interval</a> based on the adjusted input sample size.",NA,"CompDat",2023-07-20 15:20:48.506374,"StartTime: Thu Jul 20 15:08:22 2023"
"sexratio_data_age_flt2mkt0_page1.png","Sex ratios for age comps, whole catch, Non-Trawl_wdis (plot 1 of 2).<br>Observed sex ratios (points) with 75% intervals (vertical lines) calculated as a <a href='https://www.jstor.org/stable/2676784'>Jeffreys interval</a> based on the adjusted input sample size.",NA,"CompDat",2023-07-20 15:20:48.506374,"StartTime: Thu Jul 20 15:08:22 2023"
"sexratio_data_age_flt2mkt0_page2.png","Sex ratios for age comps, whole catch, Non-Trawl_wdis (plot 1 of 2).<br>Observed sex ratios (points) with 75% intervals (vertical lines) calculated as a <a href='https://www.jstor.org/stable/2676784'>Jeffreys interval</a> based on the adjusted input sample size. (plot 2 of 2)",NA,"CompDat",2023-07-20 15:20:48.506374,"StartTime: Thu Jul 20 15:08:22 2023"
"sexratio_data_age_flt3mkt0.png","Sex ratios for age comps, whole catch, Ocean.<br>Observed sex ratios (points) with 75% intervals (vertical lines) calculated as a <a href='https://www.jstor.org/stable/2676784'>Jeffreys interval</a> based on the adjusted input sample size.",NA,"CompDat",2023-07-20 15:20:48.506374,"StartTime: Thu Jul 20 15:08:22 2023"
"comp_condAALdat_bubflt1mkt0_page1.png","Conditional age-at-length data, whole catch, Trawl_wdis (max=0.96) (plot 1 of 3)",NA,"CompDat",2023-07-20 15:20:48.506374,"StartTime: Thu Jul 20 15:08:22 2023"
"comp_condAALdat_bubflt1mkt0_page2.png","Conditional age-at-length data, whole catch, Trawl_wdis (max=0.96) (plot 2 of 3)",NA,"CompDat",2023-07-20 15:20:48.506374,"StartTime: Thu Jul 20 15:08:22 2023"
"comp_condAALdat_bubflt1mkt0_page3.png","Conditional age-at-length data, whole catch, Trawl_wdis (max=0.96) (plot 3 of 3)",NA,"CompDat",2023-07-20 15:20:48.506374,"StartTime: Thu Jul 20 15:08:22 2023"
"comp_condAALdat_bubflt2mkt0_page1.png","Conditional age-at-length data, whole catch, Non-Trawl_wdis (max=0.96) (plot 1 of 5)",NA,"CompDat",2023-07-20 15:20:48.506374,"StartTime: Thu Jul 20 15:08:22 2023"
"comp_condAALdat_bubflt2mkt0_page2.png","Conditional age-at-length data, whole catch, Non-Trawl_wdis (max=0.96) (plot 2 of 5)",NA,"CompDat",2023-07-20 15:20:48.506374,"StartTime: Thu Jul 20 15:08:22 2023"
"comp_condAALdat_bubflt2mkt0_page3.png","Conditional age-at-length data, whole catch, Non-Trawl_wdis (max=0.96) (plot 3 of 5)",NA,"CompDat",2023-07-20 15:20:48.506374,"StartTime: Thu Jul 20 15:08:22 2023"
"comp_condAALdat_bubflt2mkt0_page4.png","Conditional age-at-length data, whole catch, Non-Trawl_wdis (max=0.96) (plot 4 of 5)",NA,"CompDat",2023-07-20 15:20:48.506374,"StartTime: Thu Jul 20 15:08:22 2023"
"comp_condAALdat_bubflt2mkt0_page5.png","Conditional age-at-length data, whole catch, Non-Trawl_wdis (max=0.96) (plot 5 of 5)",NA,"CompDat",2023-07-20 15:20:48.506374,"StartTime: Thu Jul 20 15:08:22 2023"
"comp_condAALdat_bubflt3mkt0_page1.png","Conditional age-at-length data, whole catch, Ocean (max=0.96) (plot 1 of 5)",NA,"CompDat",2023-07-20 15:20:48.506374,"StartTime: Thu Jul 20 15:08:22 2023"
"comp_condAALdat_bubflt3mkt0_page2.png","Conditional age-at-length data, whole catch, Ocean (max=0.96) (plot 2 of 5)",NA,"CompDat",2023-07-20 15:20:48.506374,"StartTime: Thu Jul 20 15:08:22 2023"
"comp_condAALdat_bubflt3mkt0_page3.png","Conditional age-at-length data, whole catch, Ocean (max=0.96) (plot 3 of 5)",NA,"CompDat",2023-07-20 15:20:48.506374,"StartTime: Thu Jul 20 15:08:22 2023"
"comp_condAALdat_bubflt3mkt0_page4.png","Conditional age-at-length data, whole catch, Ocean (max=0.96) (plot 4 of 5)",NA,"CompDat",2023-07-20 15:20:48.506374,"StartTime: Thu Jul 20 15:08:22 2023"
"comp_condAALdat_bubflt3mkt0_page5.png","Conditional age-at-length data, whole catch, Ocean (max=0.96) (plot 5 of 5)",NA,"CompDat",2023-07-20 15:20:48.506374,"StartTime: Thu Jul 20 15:08:22 2023"
"comp_lenfit__aggregated_across_time.png","Length comps, aggregated across time by fleet.
 <br> Labels 'retained' and 'discard' indicate discarded or retained sampled for each fleet. Panels without this designation represent the whole catch.
",NA,"LenComp",2023-07-20 15:20:48.506374,"StartTime: Thu Jul 20 15:08:22 2023"
"comp_lenfit__multi-fleet_comparison.png","Pearson residuals,  comparing across fleets <br> 
Closed bubbles are positive residuals (observed > expected) and open bubbles are negative residuals (observed < expected).",NA,"LenComp",2023-07-20 15:20:48.506374,"StartTime: Thu Jul 20 15:08:22 2023"
"comp_lenfit_flt1mkt0.png","Length comps, whole catch, Trawl_wdis.<br><br>'N adj.' is the input sample size after data-weighting adjustment. N eff. is the calculated effective sample size used in the McAllister-Ianelli tuning method.",NA,"LenComp",2023-07-20 15:20:48.506374,"StartTime: Thu Jul 20 15:08:22 2023"
"comp_lenfit_residsflt1mkt0.png","Pearson residuals, whole catch, Trawl_wdis (max=6.12) <br> 
Closed bubbles are positive residuals (observed > expected) and open bubbles are negative residuals (observed < expected).",NA,"LenComp",2023-07-20 15:20:48.506374,"StartTime: Thu Jul 20 15:08:22 2023"
"comp_lenfit_sampsize_flt1mkt0.png","N-EffN comparison, Length comps, whole catch, Trawl_wdis",NA,"LenComp",2023-07-20 15:20:48.506374,"StartTime: Thu Jul 20 15:08:22 2023"
"comp_lenfit_data_weighting_TA1.8_Trawl_wdis.png","Mean length for Trawl_wdis with 95% confidence intervals based on current sample sizes.<br>Francis data weighting method TA1.8: thinner intervals (with capped ends) show result of further adjusting sample sizes based on suggested multiplier (with 95% interval) for len data from Trawl_wdis:<br>1.0162 (0.7888-1.468) <br>For more info, see  <a href=https://doi.org/10.1139/f2011-025> Francis (2011)</a>.",NA,"LenComp",2023-07-20 15:20:48.506374,"StartTime: Thu Jul 20 15:08:22 2023"
"comp_lenfit_flt2mkt0_page1.png","Length comps, whole catch, Non-Trawl_wdis (plot 1 of 2).<br><br>'N adj.' is the input sample size after data-weighting adjustment. N eff. is the calculated effective sample size used in the McAllister-Ianelli tuning method.",NA,"LenComp",2023-07-20 15:20:48.506374,"StartTime: Thu Jul 20 15:08:22 2023"
"comp_lenfit_flt2mkt0_page2.png","Length comps, whole catch, Non-Trawl_wdis (plot 1 of 2).<br><br>'N adj.' is the input sample size after data-weighting adjustment. N eff. is the calculated effective sample size used in the McAllister-Ianelli tuning method. (plot 2 of 2)",NA,"LenComp",2023-07-20 15:20:48.506374,"StartTime: Thu Jul 20 15:08:22 2023"
"comp_lenfit_residsflt2mkt0_page2.png","Pearson residuals, whole catch, Non-Trawl_wdis (max=6.73) (plot 2 of 2) <br> 
Closed bubbles are positive residuals (observed > expected) and open bubbles are negative residuals (observed < expected).",NA,"LenComp",2023-07-20 15:20:48.506374,"StartTime: Thu Jul 20 15:08:22 2023"
"comp_lenfit_sampsize_flt2mkt0.png","N-EffN comparison, Length comps, whole catch, Non-Trawl_wdis",NA,"LenComp",2023-07-20 15:20:48.506374,"StartTime: Thu Jul 20 15:08:22 2023"
"comp_lenfit_data_weighting_TA1.8_Non-Trawl_wdis.png","Mean length for Non-Trawl_wdis with 95% confidence intervals based on current sample sizes.<br>Francis data weighting method TA1.8: thinner intervals (with capped ends) show result of further adjusting sample sizes based on suggested multiplier (with 95% interval) for len data from Non-Trawl_wdis:<br>0.9445 (0.7231-1.3654) <br>For more info, see  <a href=https://doi.org/10.1139/f2011-025> Francis (2011)</a>.",NA,"LenComp",2023-07-20 15:20:48.506374,"StartTime: Thu Jul 20 15:08:22 2023"
"comp_lenfit_flt3mkt0_page1.png","Length comps, whole catch, Ocean (plot 1 of 2).<br><br>'N adj.' is the input sample size after data-weighting adjustment. N eff. is the calculated effective sample size used in the McAllister-Ianelli tuning method.",NA,"LenComp",2023-07-20 15:20:48.506374,"StartTime: Thu Jul 20 15:08:22 2023"
"comp_lenfit_flt3mkt0_page2.png","Length comps, whole catch, Ocean (plot 1 of 2).<br><br>'N adj.' is the input sample size after data-weighting adjustment. N eff. is the calculated effective sample size used in the McAllister-Ianelli tuning method. (plot 2 of 2)",NA,"LenComp",2023-07-20 15:20:48.506374,"StartTime: Thu Jul 20 15:08:22 2023"
"comp_lenfit_residsflt3mkt0_page2.png","Pearson residuals, whole catch, Ocean (max=2.63) (plot 2 of 2) <br> 
Closed bubbles are positive residuals (observed > expected) and open bubbles are negative residuals (observed < expected).",NA,"LenComp",2023-07-20 15:20:48.506374,"StartTime: Thu Jul 20 15:08:22 2023"
"comp_lenfit_sampsize_flt3mkt0.png","N-EffN comparison, Length comps, whole catch, Ocean",NA,"LenComp",2023-07-20 15:20:48.506374,"StartTime: Thu Jul 20 15:08:22 2023"
"comp_lenfit_data_weighting_TA1.8_Ocean.png","Mean length for Ocean with 95% confidence intervals based on current sample sizes.<br>Francis data weighting method TA1.8: thinner intervals (with capped ends) show result of further adjusting sample sizes based on suggested multiplier (with 95% interval) for len data from Ocean:<br>0.9775 (0.6494-1.9635) <br>For more info, see  <a href=https://doi.org/10.1139/f2011-025> Francis (2011)</a>.",NA,"LenComp",2023-07-20 15:20:48.506374,"StartTime: Thu Jul 20 15:08:22 2023"
"comp_lenfit_flt4mkt0.png","Length comps, whole catch, Shore.<br><br>'N adj.' is the input sample size after data-weighting adjustment. N eff. is the calculated effective sample size used in the McAllister-Ianelli tuning method.",NA,"LenComp",2023-07-20 15:20:48.506374,"StartTime: Thu Jul 20 15:08:22 2023"
"comp_lenfit_residsflt4mkt0.png","Pearson residuals, whole catch, Shore (max=2.6) <br> 
Closed bubbles are positive residuals (observed > expected) and open bubbles are negative residuals (observed < expected).",NA,"LenComp",2023-07-20 15:20:48.506374,"StartTime: Thu Jul 20 15:08:22 2023"
"comp_lenfit_sampsize_flt4mkt0.png","N-EffN comparison, Length comps, whole catch, Shore",NA,"LenComp",2023-07-20 15:20:48.506374,"StartTime: Thu Jul 20 15:08:22 2023"
"comp_lenfit_data_weighting_TA1.8_Shore.png","Mean length for Shore with 95% confidence intervals based on current sample sizes.<br>Francis data weighting method TA1.8: thinner intervals (with capped ends) show result of further adjusting sample sizes based on suggested multiplier (with 95% interval) for len data from Shore:<br>1.0053 (0.5985-3.5549) <br>For more info, see  <a href=https://doi.org/10.1139/f2011-025> Francis (2011)</a>.",NA,"LenComp",2023-07-20 15:20:48.506374,"StartTime: Thu Jul 20 15:08:22 2023"
"comp_lenfit_flt5mkt0.png","Length comps, whole catch, MPA.<br><br>'N adj.' is the input sample size after data-weighting adjustment. N eff. is the calculated effective sample size used in the McAllister-Ianelli tuning method.",NA,"LenComp",2023-07-20 15:20:48.506374,"StartTime: Thu Jul 20 15:08:22 2023"
"comp_lenfit_residsflt5mkt0.png","Pearson residuals, whole catch, MPA (max=1.88) <br> 
Closed bubbles are positive residuals (observed > expected) and open bubbles are negative residuals (observed < expected).",NA,"LenComp",2023-07-20 15:20:48.506374,"StartTime: Thu Jul 20 15:08:22 2023"
"comp_lenfit_sampsize_flt5mkt0.png","N-EffN comparison, Length comps, whole catch, MPA",NA,"LenComp",2023-07-20 15:20:48.506374,"StartTime: Thu Jul 20 15:08:22 2023"
"comp_lenfit_data_weighting_TA1.8_MPA.png","Mean length for MPA with 95% confidence intervals based on current sample sizes.<br>Francis data weighting method TA1.8: thinner intervals (with capped ends) show result of further adjusting sample sizes based on suggested multiplier (with 95% interval) for len data from MPA:<br>0.9624 (0.5417-9.1544) <br>For more info, see  <a href=https://doi.org/10.1139/f2011-025> Francis (2011)</a>.",NA,"LenComp",2023-07-20 15:20:48.506374,"StartTime: Thu Jul 20 15:08:22 2023"
"sexratio_len_flt1mkt0.png","Sex ratios for length comps, whole catch, Trawl_wdis.<br>Observed sex ratios (points) with 75% intervals (vertical lines) calculated as a <a href='https://www.jstor.org/stable/2676784'>Jeffreys interval</a> based on the adjusted input sample size. The model expectation is shown  in the purple line.",NA,"LenComp",2023-07-20 15:20:48.506374,"StartTime: Thu Jul 20 15:08:22 2023"
"sexratio_len_flt2mkt0_page1.png","Sex ratios for length comps, whole catch, Non-Trawl_wdis (plot 1 of 2).<br>Observed sex ratios (points) with 75% intervals (vertical lines) calculated as a <a href='https://www.jstor.org/stable/2676784'>Jeffreys interval</a> based on the adjusted input sample size. The model expectation is shown  in the purple line.",NA,"LenComp",2023-07-20 15:20:48.506374,"StartTime: Thu Jul 20 15:08:22 2023"
"sexratio_len_flt2mkt0_page2.png","Sex ratios for length comps, whole catch, Non-Trawl_wdis (plot 1 of 2).<br>Observed sex ratios (points) with 75% intervals (vertical lines) calculated as a <a href='https://www.jstor.org/stable/2676784'>Jeffreys interval</a> based on the adjusted input sample size. The model expectation is shown  in the purple line. (plot 2 of 2)",NA,"LenComp",2023-07-20 15:20:48.506374,"StartTime: Thu Jul 20 15:08:22 2023"
"comp_agefit__aggregated_across_time.png","Age comps, aggregated across time by fleet.
 <br> Labels 'retained' and 'discard' indicate discarded or retained sampled for each fleet. Panels without this designation represent the whole catch.
",NA,"AgeComp",2023-07-20 15:20:48.506374,"StartTime: Thu Jul 20 15:08:22 2023"
"comp_agefit__multi-fleet_comparison.png","Pearson residuals,  comparing across fleets <br> 
Closed bubbles are positive residuals (observed > expected) and open bubbles are negative residuals (observed < expected).",NA,"AgeComp",2023-07-20 15:20:48.506374,"StartTime: Thu Jul 20 15:08:22 2023"
"comp_agefit_flt1mkt0.png","Age comps, whole catch, Trawl_wdis.<br><br>'N adj.' is the input sample size after data-weighting adjustment. N eff. is the calculated effective sample size used in the McAllister-Ianelli tuning method.",NA,"AgeComp",2023-07-20 15:20:48.506374,"StartTime: Thu Jul 20 15:08:22 2023"
"comp_agefit_residsflt1mkt0.png","Pearson residuals, whole catch, Trawl_wdis (max=8.19) <br> 
Closed bubbles are positive residuals (observed > expected) and open bubbles are negative residuals (observed < expected).",NA,"AgeComp",2023-07-20 15:20:48.506374,"StartTime: Thu Jul 20 15:08:22 2023"
"comp_agefit_sampsize_flt1mkt0.png","N-EffN comparison, Age comps, whole catch, Trawl_wdis",NA,"AgeComp",2023-07-20 15:20:48.506374,"StartTime: Thu Jul 20 15:08:22 2023"
"comp_agefit_data_weighting_TA1.8_Trawl_wdis.png","Mean age for Trawl_wdis with 95% confidence intervals based on current sample sizes.<br>Francis data weighting method TA1.8: thinner intervals (with capped ends) show result of further adjusting sample sizes based on suggested multiplier (with 95% interval) for age data from Trawl_wdis:<br>0.9764 (0.6394-2.038) <br>For more info, see  <a href=https://doi.org/10.1139/f2011-025> Francis (2011)</a>.",NA,"AgeComp",2023-07-20 15:20:48.506374,"StartTime: Thu Jul 20 15:08:22 2023"
"comp_agefit_flt2mkt0_page1.png","Age comps, whole catch, Non-Trawl_wdis (plot 1 of 2).<br><br>'N adj.' is the input sample size after data-weighting adjustment. N eff. is the calculated effective sample size used in the McAllister-Ianelli tuning method.",NA,"AgeComp",2023-07-20 15:20:48.506374,"StartTime: Thu Jul 20 15:08:22 2023"
"comp_agefit_flt2mkt0_page2.png","Age comps, whole catch, Non-Trawl_wdis (plot 1 of 2).<br><br>'N adj.' is the input sample size after data-weighting adjustment. N eff. is the calculated effective sample size used in the McAllister-Ianelli tuning method. (plot 2 of 2)",NA,"AgeComp",2023-07-20 15:20:48.506374,"StartTime: Thu Jul 20 15:08:22 2023"
"comp_agefit_residsflt2mkt0_page2.png","Pearson residuals, whole catch, Non-Trawl_wdis (max=3.45) (plot 2 of 2) <br> 
Closed bubbles are positive residuals (observed > expected) and open bubbles are negative residuals (observed < expected).",NA,"AgeComp",2023-07-20 15:20:48.506374,"StartTime: Thu Jul 20 15:08:22 2023"
"comp_agefit_sampsize_flt2mkt0.png","N-EffN comparison, Age comps, whole catch, Non-Trawl_wdis",NA,"AgeComp",2023-07-20 15:20:48.506374,"StartTime: Thu Jul 20 15:08:22 2023"
"comp_agefit_data_weighting_TA1.8_Non-Trawl_wdis.png","Mean age for Non-Trawl_wdis with 95% confidence intervals based on current sample sizes.<br>Francis data weighting method TA1.8: thinner intervals (with capped ends) show result of further adjusting sample sizes based on suggested multiplier (with 95% interval) for age data from Non-Trawl_wdis:<br>3.2547 (2.186-5.658) <br>For more info, see  <a href=https://doi.org/10.1139/f2011-025> Francis (2011)</a>.",NA,"AgeComp",2023-07-20 15:20:48.506374,"StartTime: Thu Jul 20 15:08:22 2023"
"comp_agefit_flt3mkt0.png","Age comps, whole catch, Ocean.<br><br>'N adj.' is the input sample size after data-weighting adjustment. N eff. is the calculated effective sample size used in the McAllister-Ianelli tuning method.",NA,"AgeComp",2023-07-20 15:20:48.506374,"StartTime: Thu Jul 20 15:08:22 2023"
"comp_agefit_residsflt3mkt0.png","Pearson residuals, whole catch, Ocean (max=3.09) <br> 
Closed bubbles are positive residuals (observed > expected) and open bubbles are negative residuals (observed < expected).",NA,"AgeComp",2023-07-20 15:20:48.506374,"StartTime: Thu Jul 20 15:08:22 2023"
"comp_agefit_sampsize_flt3mkt0.png","N-EffN comparison, Age comps, whole catch, Ocean",NA,"AgeComp",2023-07-20 15:20:48.506374,"StartTime: Thu Jul 20 15:08:22 2023"
"comp_agefit_data_weighting_TA1.8_Ocean.png","Mean age for Ocean with 95% confidence intervals based on current sample sizes.<br>Francis data weighting method TA1.8: thinner intervals (with capped ends) show result of further adjusting sample sizes based on suggested multiplier (with 95% interval) for age data from Ocean:<br>6.3745 (4.9511-9.1036) <br>For more info, see  <a href=https://doi.org/10.1139/f2011-025> Francis (2011)</a>.",NA,"AgeComp",2023-07-20 15:20:48.506374,"StartTime: Thu Jul 20 15:08:22 2023"
"sexratio_age_flt1mkt0.png","Sex ratios for age comps, whole catch, Trawl_wdis.<br>Observed sex ratios (points) with 75% intervals (vertical lines) calculated as a <a href='https://www.jstor.org/stable/2676784'>Jeffreys interval</a> based on the adjusted input sample size. The model expectation is shown  in the purple line.",NA,"AgeComp",2023-07-20 15:20:48.506374,"StartTime: Thu Jul 20 15:08:22 2023"
"sexratio_age_flt2mkt0_page1.png","Sex ratios for age comps, whole catch, Non-Trawl_wdis (plot 1 of 2).<br>Observed sex ratios (points) with 75% intervals (vertical lines) calculated as a <a href='https://www.jstor.org/stable/2676784'>Jeffreys interval</a> based on the adjusted input sample size. The model expectation is shown  in the purple line.",NA,"AgeComp",2023-07-20 15:20:48.506374,"StartTime: Thu Jul 20 15:08:22 2023"
"sexratio_age_flt2mkt0_page2.png","Sex ratios for age comps, whole catch, Non-Trawl_wdis (plot 1 of 2).<br>Observed sex ratios (points) with 75% intervals (vertical lines) calculated as a <a href='https://www.jstor.org/stable/2676784'>Jeffreys interval</a> based on the adjusted input sample size. The model expectation is shown  in the purple line. (plot 2 of 2)",NA,"AgeComp",2023-07-20 15:20:48.506374,"StartTime: Thu Jul 20 15:08:22 2023"
"sexratio_age_flt3mkt0.png","Sex ratios for age comps, whole catch, Ocean.<br>Observed sex ratios (points) with 75% intervals (vertical lines) calculated as a <a href='https://www.jstor.org/stable/2676784'>Jeffreys interval</a> based on the adjusted input sample size. The model expectation is shown  in the purple line.",NA,"AgeComp",2023-07-20 15:20:48.506374,"StartTime: Thu Jul 20 15:08:22 2023"
"comp_condAALfit_residsflt1mkt0_page1.png","Pearson residuals, whole catch, Trawl_wdis (max=13.1) (plot 1 of 3)",NA,"A@LComp",2023-07-20 15:20:48.506374,"StartTime: Thu Jul 20 15:08:22 2023"
"comp_condAALfit_residsflt1mkt0_page2.png","Pearson residuals, whole catch, Trawl_wdis (max=13.1) (plot 2 of 3)",NA,"A@LComp",2023-07-20 15:20:48.506374,"StartTime: Thu Jul 20 15:08:22 2023"
"comp_condAALfit_residsflt1mkt0_page3.png","Pearson residuals, whole catch, Trawl_wdis (max=13.1) (plot 3 of 3)",NA,"A@LComp",2023-07-20 15:20:48.506374,"StartTime: Thu Jul 20 15:08:22 2023"
"comp_condAALfit_residsflt2mkt0_page1.png","Pearson residuals, whole catch, Non-Trawl_wdis (max=10.69) (plot 1 of 5)",NA,"A@LComp",2023-07-20 15:20:48.506374,"StartTime: Thu Jul 20 15:08:22 2023"
"comp_condAALfit_residsflt2mkt0_page2.png","Pearson residuals, whole catch, Non-Trawl_wdis (max=10.69) (plot 2 of 5)",NA,"A@LComp",2023-07-20 15:20:48.506374,"StartTime: Thu Jul 20 15:08:22 2023"
"comp_condAALfit_residsflt2mkt0_page3.png","Pearson residuals, whole catch, Non-Trawl_wdis (max=10.69) (plot 3 of 5)",NA,"A@LComp",2023-07-20 15:20:48.506374,"StartTime: Thu Jul 20 15:08:22 2023"
"comp_condAALfit_residsflt2mkt0_page4.png","Pearson residuals, whole catch, Non-Trawl_wdis (max=10.69) (plot 4 of 5)",NA,"A@LComp",2023-07-20 15:20:48.506374,"StartTime: Thu Jul 20 15:08:22 2023"
"comp_condAALfit_residsflt2mkt0_page5.png","Pearson residuals, whole catch, Non-Trawl_wdis (max=10.69) (plot 5 of 5)",NA,"A@LComp",2023-07-20 15:20:48.506374,"StartTime: Thu Jul 20 15:08:22 2023"
"comp_condAALfit_residsflt3mkt0_page1.png","Pearson residuals, whole catch, Ocean (max=95.66) (plot 1 of 5)",NA,"A@LComp",2023-07-20 15:20:48.506374,"StartTime: Thu Jul 20 15:08:22 2023"
"comp_condAALfit_residsflt3mkt0_page2.png","Pearson residuals, whole catch, Ocean (max=95.66) (plot 2 of 5)",NA,"A@LComp",2023-07-20 15:20:48.506374,"StartTime: Thu Jul 20 15:08:22 2023"
"comp_condAALfit_residsflt3mkt0_page3.png","Pearson residuals, whole catch, Ocean (max=95.66) (plot 3 of 5)",NA,"A@LComp",2023-07-20 15:20:48.506374,"StartTime: Thu Jul 20 15:08:22 2023"
"comp_condAALfit_residsflt3mkt0_page4.png","Pearson residuals, whole catch, Ocean (max=95.66) (plot 4 of 5)",NA,"A@LComp",2023-07-20 15:20:48.506374,"StartTime: Thu Jul 20 15:08:22 2023"
"comp_condAALfit_residsflt3mkt0_page5.png","Pearson residuals, whole catch, Ocean (max=95.66) (plot 5 of 5)",NA,"A@LComp",2023-07-20 15:20:48.506374,"StartTime: Thu Jul 20 15:08:22 2023"
"comp_condAALfit_data_weighting_TA1.8_condAgeTrawl_wdis.png","Mean age from conditional data (aggregated across length bins) for Trawl_wdis with 95% confidence intervals  based on current samples sizes.<br>Francis data weighting method TA1.8: thinner intervals (with capped ends) show result of further adjusting sample sizes based on suggested multiplier (with 95% interval) for conditional age-at-length data from Trawl_wdis:<br>1.0153 (0.5946-2.9551) <br>For more info, see  <a href=https://doi.org/10.1139/f2011-025> Francis (2011)</a> and  <a href=https://doi.org/10.1016/j.fishres.2015.12.006> Punt (2017)</a>.",NA,"A@LComp",2023-07-20 15:20:48.506374,"StartTime: Thu Jul 20 15:08:22 2023"
"comp_condAALfit_Andre_plotsflt1mkt0_page1.png","Conditional AAL plot, whole catch, Trawl_wdis (plot 1 of 5)
These plots show mean age and std. dev. in conditional A@L.<br>Left plots are mean A@L by size-class (obs. and exp.) with 90% CIs based on adding 1.64 SE of mean to the data.<br>Right plots in each pair are SE of mean A@L (obs. and exp.) with 90% CIs based on the chi-square distribution.",NA,"A@LComp",2023-07-20 15:20:48.506374,"StartTime: Thu Jul 20 15:08:22 2023"
"comp_condAALfit_Andre_plotsflt1mkt0_page2.png","Conditional AAL plot, whole catch, Trawl_wdis (plot 2 of 5)",NA,"A@LComp",2023-07-20 15:20:48.506374,"StartTime: Thu Jul 20 15:08:22 2023"
"comp_condAALfit_Andre_plotsflt1mkt0_page3.png","Conditional AAL plot, whole catch, Trawl_wdis (plot 3 of 5)",NA,"A@LComp",2023-07-20 15:20:48.506374,"StartTime: Thu Jul 20 15:08:22 2023"
"comp_condAALfit_Andre_plotsflt1mkt0_page4.png","Conditional AAL plot, whole catch, Trawl_wdis (plot 4 of 5)",NA,"A@LComp",2023-07-20 15:20:48.506374,"StartTime: Thu Jul 20 15:08:22 2023"
"comp_condAALfit_Andre_plotsflt1mkt0_page5.png","Conditional AAL plot, whole catch, Trawl_wdis (plot 5 of 5)",NA,"A@LComp",2023-07-20 15:20:48.506374,"StartTime: Thu Jul 20 15:08:22 2023"
"comp_condAALfit_data_weighting_TA1.8_condAgeNon-Trawl_wdis.png","Mean age from conditional data (aggregated across length bins) for Non-Trawl_wdis with 95% confidence intervals  based on current samples sizes.<br>Francis data weighting method TA1.8: thinner intervals (with capped ends) show result of further adjusting sample sizes based on suggested multiplier (with 95% interval) for conditional age-at-length data from Non-Trawl_wdis:<br>1.0051 (0.6327-2.6009) <br>For more info, see  <a href=https://doi.org/10.1139/f2011-025> Francis (2011)</a> and  <a href=https://doi.org/10.1016/j.fishres.2015.12.006> Punt (2017)</a>.",NA,"A@LComp",2023-07-20 15:20:48.506374,"StartTime: Thu Jul 20 15:08:22 2023"
"comp_condAALfit_Andre_plotsflt2mkt0_page1.png","Conditional AAL plot, whole catch, Non-Trawl_wdis (plot 1 of 7)
These plots show mean age and std. dev. in conditional A@L.<br>Left plots are mean A@L by size-class (obs. and exp.) with 90% CIs based on adding 1.64 SE of mean to the data.<br>Right plots in each pair are SE of mean A@L (obs. and exp.) with 90% CIs based on the chi-square distribution.",NA,"A@LComp",2023-07-20 15:20:48.506374,"StartTime: Thu Jul 20 15:08:22 2023"
"comp_condAALfit_Andre_plotsflt2mkt0_page2.png","Conditional AAL plot, whole catch, Non-Trawl_wdis (plot 2 of 7)",NA,"A@LComp",2023-07-20 15:20:48.506374,"StartTime: Thu Jul 20 15:08:22 2023"
"comp_condAALfit_Andre_plotsflt2mkt0_page3.png","Conditional AAL plot, whole catch, Non-Trawl_wdis (plot 3 of 7)",NA,"A@LComp",2023-07-20 15:20:48.506374,"StartTime: Thu Jul 20 15:08:22 2023"
"comp_condAALfit_Andre_plotsflt2mkt0_page4.png","Conditional AAL plot, whole catch, Non-Trawl_wdis (plot 4 of 7)",NA,"A@LComp",2023-07-20 15:20:48.506374,"StartTime: Thu Jul 20 15:08:22 2023"
"comp_condAALfit_Andre_plotsflt2mkt0_page5.png","Conditional AAL plot, whole catch, Non-Trawl_wdis (plot 5 of 7)",NA,"A@LComp",2023-07-20 15:20:48.506374,"StartTime: Thu Jul 20 15:08:22 2023"
"comp_condAALfit_Andre_plotsflt2mkt0_page6.png","Conditional AAL plot, whole catch, Non-Trawl_wdis (plot 6 of 7)",NA,"A@LComp",2023-07-20 15:20:48.506374,"StartTime: Thu Jul 20 15:08:22 2023"
"comp_condAALfit_Andre_plotsflt2mkt0_page7.png","Conditional AAL plot, whole catch, Non-Trawl_wdis (plot 7 of 7)",NA,"A@LComp",2023-07-20 15:20:48.506374,"StartTime: Thu Jul 20 15:08:22 2023"
"comp_condAALfit_data_weighting_TA1.8_condAgeOcean.png","Mean age from conditional data (aggregated across length bins) for Ocean with 95% confidence intervals  based on current samples sizes.<br>Francis data weighting method TA1.8: thinner intervals (with capped ends) show result of further adjusting sample sizes based on suggested multiplier (with 95% interval) for conditional age-at-length data from Ocean:<br>0.5947 (0.3258-1.4806) <br>For more info, see  <a href=https://doi.org/10.1139/f2011-025> Francis (2011)</a> and  <a href=https://doi.org/10.1016/j.fishres.2015.12.006> Punt (2017)</a>.",NA,"A@LComp",2023-07-20 15:20:48.506374,"StartTime: Thu Jul 20 15:08:22 2023"
"comp_condAALfit_Andre_plotsflt3mkt0_page1.png","Conditional AAL plot, whole catch, Ocean (plot 1 of 6)
These plots show mean age and std. dev. in conditional A@L.<br>Left plots are mean A@L by size-class (obs. and exp.) with 90% CIs based on adding 1.64 SE of mean to the data.<br>Right plots in each pair are SE of mean A@L (obs. and exp.) with 90% CIs based on the chi-square distribution.",NA,"A@LComp",2023-07-20 15:20:48.506374,"StartTime: Thu Jul 20 15:08:22 2023"
"comp_condAALfit_Andre_plotsflt3mkt0_page2.png","Conditional AAL plot, whole catch, Ocean (plot 2 of 6)",NA,"A@LComp",2023-07-20 15:20:48.506374,"StartTime: Thu Jul 20 15:08:22 2023"
"comp_condAALfit_Andre_plotsflt3mkt0_page3.png","Conditional AAL plot, whole catch, Ocean (plot 3 of 6)",NA,"A@LComp",2023-07-20 15:20:48.506374,"StartTime: Thu Jul 20 15:08:22 2023"
"comp_condAALfit_Andre_plotsflt3mkt0_page4.png","Conditional AAL plot, whole catch, Ocean (plot 4 of 6)",NA,"A@LComp",2023-07-20 15:20:48.506374,"StartTime: Thu Jul 20 15:08:22 2023"
"comp_condAALfit_Andre_plotsflt3mkt0_page5.png","Conditional AAL plot, whole catch, Ocean (plot 5 of 6)",NA,"A@LComp",2023-07-20 15:20:48.506374,"StartTime: Thu Jul 20 15:08:22 2023"
"comp_condAALfit_Andre_plotsflt3mkt0_page6.png","Conditional AAL plot, whole catch, Ocean (plot 6 of 6)",NA,"A@LComp",2023-07-20 15:20:48.506374,"StartTime: Thu Jul 20 15:08:22 2023"
"yield1_yield_curve.png","Yield curve",NA,"Yield",2023-07-20 15:20:48.506374,"StartTime: Thu Jul 20 15:08:22 2023"
"yield2_yield_curve_with_refpoints.png","Yield curve with reference points",NA,"Yield",2023-07-20 15:20:48.506374,"StartTime: Thu Jul 20 15:08:22 2023"
"yield3_surplus_production.png","Surplus production vs. biomass plot. For interpretation, see<br> <blockquote>Walters, Hilborn, and  Christensen, 2008, Surplus production dynamics in declining and recovering fish populations. <i>Can. J. Fish. Aquat. Sci.</i> 65: 2536-2551.</blockquote>",NA,"Yield",2023-07-20 15:20:48.506374,"StartTime: Thu Jul 20 15:08:22 2023"
"yield4_YPR_timeseries.png","Time series of yield per recruit (kg)",NA,"Yield",2023-07-20 15:20:48.506374,"StartTime: Thu Jul 20 15:08:22 2023"
"data_plot.png","Data presence by year for each fleet and data type.",NA,"Data",2023-07-20 15:20:48.506374,"StartTime: Thu Jul 20 15:08:22 2023"
"data_plot2.png","Data presence by year for each fleet, where circle area is <br>  relative within a data type. Circles are proportional to <br>  total catch for catches; to precision for indices, discards, and <br>  mean body weight observations; and to total sample size for <br> compositions and mean weight- or length-at-age observations. <br> Observations excluded from the likelihood have <br> equal size for all years. <br> Note that since the circles are are scaled relative <br>  to maximum within each type, the scaling within separate plots <br>  should not be compared.",NA,"Data",2023-07-20 15:20:48.506374,"StartTime: Thu Jul 20 15:08:22 2023"
"parameter_distributions_page1.png","Parameter distribution plots (plot 1 of 2). <br>Deviation parameters are not included. <br>Plotting range is equal to input limits on parameters. Use fitrange = TRUE to scale the range to the estimates.",NA,"Pars",2023-07-20 15:20:48.506374,"StartTime: Thu Jul 20 15:08:22 2023"
"parameter_distributions_page2.png","Parameter distribution plots (plot 2 of 2).",NA,"Pars",2023-07-20 15:20:48.506374,"StartTime: Thu Jul 20 15:08:22 2023"
"parameterchecks.html","<b>Estimated parameters (excluding deviation parameters)</b><br> Any parameter with a gradient value with an absolute value above 0.001 or a parameter on bounds is colored in red.",NA,"DiagnosticTables",2023-07-20 15:20:48.506374,"StartTime: Thu Jul 20 15:08:22 2023"
"correlationcheck.html","<b>Highly correlated parameter pairs</b><br> Pairs of parameters with the  50  highest correlations, sorted by absolute value of the correlation. Correlations above 0.95 (in absolute value) are colored in red. These parameters may be confounded or may cause convergence issues.",NA,"DiagnosticTables",2023-07-20 15:20:48.506374,"StartTime: Thu Jul 20 15:08:22 2023"
"lowcorrelationcheck.html","<b>Parameters with low correlations</b><br> Estimated parameters that are the least correlated with all other parameters. The correlation value represents the maximum correlation between the parameter in question and all other estimated parameters. Uncorrelated parameters may not be playing a significant role in the model. Maximum correlations below 0.01 are colored in red.",NA,"DiagnosticTables",2023-07-20 15:20:48.506374,"StartTime: Thu Jul 20 15:08:22 2023"
